index;code;nom;dep;url
0;01001;abergement-clemenciat;01;https://www.bien-dans-ma-ville.fr/abergement-clemenciat-01-01001
1;01002;abergement-de-varey;01;https://www.bien-dans-ma-ville.fr/abergement-de-varey-01-01002
2;01004;amberieu-en-bugey;01;https://www.bien-dans-ma-ville.fr/amberieu-en-bugey-01-01004
3;01005;amberieux-en-dombes;01;https://www.bien-dans-ma-ville.fr/amberieux-en-dombes-01-01005
4;01006;ambleon;01;https://www.bien-dans-ma-ville.fr/ambleon-01-01006
5;01007;ambronay;01;https://www.bien-dans-ma-ville.fr/ambronay-01-01007
6;01008;ambutrix;01;https://www.bien-dans-ma-ville.fr/ambutrix-01-01008
7;01009;andert-et-condon;01;https://www.bien-dans-ma-ville.fr/andert-et-condon-01-01009
8;01010;anglefort;01;https://www.bien-dans-ma-ville.fr/anglefort-01-01010
9;01011;apremont;01;https://www.bien-dans-ma-ville.fr/apremont-01-01011
10;01012;aranc;01;https://www.bien-dans-ma-ville.fr/aranc-01-01012
11;01013;arandas;01;https://www.bien-dans-ma-ville.fr/arandas-01-01013
12;01014;arbent;01;https://www.bien-dans-ma-ville.fr/arbent-01-01014
13;01015;arboys-en-bugey;01;https://www.bien-dans-ma-ville.fr/arboys-en-bugey-01-01015
14;01015;arboys-en-bugey;01;https://www.bien-dans-ma-ville.fr/arboys-en-bugey-01-01015
15;01016;arbigny;01;https://www.bien-dans-ma-ville.fr/arbigny-01-01016
16;01017;argis;01;https://www.bien-dans-ma-ville.fr/argis-01-01017
17;01019;armix;01;https://www.bien-dans-ma-ville.fr/armix-01-01019
18;01021;ars-sur-formans;01;https://www.bien-dans-ma-ville.fr/ars-sur-formans-01-01021
19;01022;artemare;01;https://www.bien-dans-ma-ville.fr/artemare-01-01022
20;01023;asnieres-sur-saone;01;https://www.bien-dans-ma-ville.fr/asnieres-sur-saone-01-01023
21;01024;attignat;01;https://www.bien-dans-ma-ville.fr/attignat-01-01024
22;01025;bage-dommartin;01;https://www.bien-dans-ma-ville.fr/bage-dommartin-01-01025
23;01026;bage-le-chatel;01;https://www.bien-dans-ma-ville.fr/bage-le-chatel-01-01026
24;01027;balan;01;https://www.bien-dans-ma-ville.fr/balan-01-01027
25;01028;baneins;01;https://www.bien-dans-ma-ville.fr/baneins-01-01028
26;01029;beaupont;01;https://www.bien-dans-ma-ville.fr/beaupont-01-01029
27;01030;beauregard;01;https://www.bien-dans-ma-ville.fr/beauregard-01-01030
28;01031;bellignat;01;https://www.bien-dans-ma-ville.fr/bellignat-01-01031
29;01032;beligneux;01;https://www.bien-dans-ma-ville.fr/beligneux-01-01032
30;01032;beligneux;01;https://www.bien-dans-ma-ville.fr/beligneux-01-01032
31;01032;beligneux;01;https://www.bien-dans-ma-ville.fr/beligneux-01-01032
32;01032;beligneux;01;https://www.bien-dans-ma-ville.fr/beligneux-01-01032
33;01033;bellegarde-sur-valserine;01;https://www.bien-dans-ma-ville.fr/bellegarde-sur-valserine-01-01033
34;01034;belley;01;https://www.bien-dans-ma-ville.fr/belley-01-01034
35;01035;belleydoux;01;https://www.bien-dans-ma-ville.fr/belleydoux-01-01035
36;01036;belmont-luthezieu;01;https://www.bien-dans-ma-ville.fr/belmont-luthezieu-01-01036
37;01036;belmont-luthezieu;01;https://www.bien-dans-ma-ville.fr/belmont-luthezieu-01-01036
38;01037;benonces;01;https://www.bien-dans-ma-ville.fr/benonces-01-01037
39;01038;beny;01;https://www.bien-dans-ma-ville.fr/beny-01-01038
40;01039;beon;01;https://www.bien-dans-ma-ville.fr/beon-01-01039
41;01040;bereziat;01;https://www.bien-dans-ma-ville.fr/bereziat-01-01040
42;01041;bettant;01;https://www.bien-dans-ma-ville.fr/bettant-01-01041
43;01042;bey;01;https://www.bien-dans-ma-ville.fr/bey-01-01042
44;01043;beynost;01;https://www.bien-dans-ma-ville.fr/beynost-01-01043
45;01044;billiat;01;https://www.bien-dans-ma-ville.fr/billiat-01-01044
46;01045;birieux;01;https://www.bien-dans-ma-ville.fr/birieux-01-01045
47;01046;biziat;01;https://www.bien-dans-ma-ville.fr/biziat-01-01046
48;01047;blyes;01;https://www.bien-dans-ma-ville.fr/blyes-01-01047
49;01049;boisse;01;https://www.bien-dans-ma-ville.fr/boisse-01-01049
50;01050;boissey;01;https://www.bien-dans-ma-ville.fr/boissey-01-01050
51;01050;boissey;01;https://www.bien-dans-ma-ville.fr/boissey-01-01050
52;01051;bolozon;01;https://www.bien-dans-ma-ville.fr/bolozon-01-01051
53;01052;bouligneux;01;https://www.bien-dans-ma-ville.fr/bouligneux-01-01052
54;01053;bourg-en-bresse;01;https://www.bien-dans-ma-ville.fr/bourg-en-bresse-01-01053
55;01053;bourg-en-bresse;01;https://www.bien-dans-ma-ville.fr/bourg-en-bresse-01-01053
56;01054;bourg-saint-christophe;01;https://www.bien-dans-ma-ville.fr/bourg-saint-christophe-01-01054
57;01054;bourg-saint-christophe;01;https://www.bien-dans-ma-ville.fr/bourg-saint-christophe-01-01054
58;01056;boyeux-saint-jerome;01;https://www.bien-dans-ma-ville.fr/boyeux-saint-jerome-01-01056
59;01057;boz;01;https://www.bien-dans-ma-ville.fr/boz-01-01057
60;01058;bregnier-cordon;01;https://www.bien-dans-ma-ville.fr/bregnier-cordon-01-01058
62;01060;brenod;01;https://www.bien-dans-ma-ville.fr/brenod-01-01060
63;01061;brens;01;https://www.bien-dans-ma-ville.fr/brens-01-01061
64;01062;bressolles;01;https://www.bien-dans-ma-ville.fr/bressolles-01-01062
65;01062;bressolles;01;https://www.bien-dans-ma-ville.fr/bressolles-01-01062
66;01063;brion;01;https://www.bien-dans-ma-ville.fr/brion-01-01063
67;01064;briord;01;https://www.bien-dans-ma-ville.fr/briord-01-01064
68;01065;buellas;01;https://www.bien-dans-ma-ville.fr/buellas-01-01065
69;01065;buellas;01;https://www.bien-dans-ma-ville.fr/buellas-01-01065
70;01066;burbanche;01;https://www.bien-dans-ma-ville.fr/burbanche-01-01066
71;01067;ceignes;01;https://www.bien-dans-ma-ville.fr/ceignes-01-01067
72;01068;cerdon;01;https://www.bien-dans-ma-ville.fr/cerdon-01-01068
73;01069;certines;01;https://www.bien-dans-ma-ville.fr/certines-01-01069
74;01071;cessy;01;https://www.bien-dans-ma-ville.fr/cessy-01-01071
75;01072;ceyzeriat;01;https://www.bien-dans-ma-ville.fr/ceyzeriat-01-01072
76;01073;ceyzerieu;01;https://www.bien-dans-ma-ville.fr/ceyzerieu-01-01073
77;01074;chalamont;01;https://www.bien-dans-ma-ville.fr/chalamont-01-01074
78;01075;chaleins;01;https://www.bien-dans-ma-ville.fr/chaleins-01-01075
79;01076;chaley;01;https://www.bien-dans-ma-ville.fr/chaley-01-01076
80;01077;challes-la-montagne;01;https://www.bien-dans-ma-ville.fr/challes-la-montagne-01-01077
81;01078;challex;01;https://www.bien-dans-ma-ville.fr/challex-01-01078
82;01079;champagne-en-valromey;01;https://www.bien-dans-ma-ville.fr/champagne-en-valromey-01-01079
83;01079;champagne-en-valromey;01;https://www.bien-dans-ma-ville.fr/champagne-en-valromey-01-01079
84;01079;champagne-en-valromey;01;https://www.bien-dans-ma-ville.fr/champagne-en-valromey-01-01079
85;01080;champdor-corcelles;01;https://www.bien-dans-ma-ville.fr/champdor-corcelles-01-01080
86;01080;champdor-corcelles;01;https://www.bien-dans-ma-ville.fr/champdor-corcelles-01-01080
87;01081;champfromier;01;https://www.bien-dans-ma-ville.fr/champfromier-01-01081
88;01082;chanay;01;https://www.bien-dans-ma-ville.fr/chanay-01-01082
89;01083;chaneins;01;https://www.bien-dans-ma-ville.fr/chaneins-01-01083
90;01084;chanoz-chatenay;01;https://www.bien-dans-ma-ville.fr/chanoz-chatenay-01-01084
91;01085;chapelle-du-chatelard;01;https://www.bien-dans-ma-ville.fr/chapelle-du-chatelard-01-01085
92;01087;charix;01;https://www.bien-dans-ma-ville.fr/charix-01-01087
93;01088;charnoz-sur-ain;01;https://www.bien-dans-ma-ville.fr/charnoz-sur-ain-01-01088
94;01089;chateau-gaillard;01;https://www.bien-dans-ma-ville.fr/chateau-gaillard-01-01089
95;01090;chatenay;01;https://www.bien-dans-ma-ville.fr/chatenay-01-01090
99;01092;chatillon-la-palud;01;https://www.bien-dans-ma-ville.fr/chatillon-la-palud-01-01092
100;01093;chatillon-sur-chalaronne;01;https://www.bien-dans-ma-ville.fr/chatillon-sur-chalaronne-01-01093
101;01094;chavannes-sur-reyssouze;01;https://www.bien-dans-ma-ville.fr/chavannes-sur-reyssouze-01-01094
102;01095;nivigne-et-suran;01;https://www.bien-dans-ma-ville.fr/nivigne-et-suran-01-01095
103;01096;chaveyriat;01;https://www.bien-dans-ma-ville.fr/chaveyriat-01-01096
105;01098;chazey-bons;01;https://www.bien-dans-ma-ville.fr/chazey-bons-01-01098
106;01099;chazey-sur-ain;01;https://www.bien-dans-ma-ville.fr/chazey-sur-ain-01-01099
107;01100;cheignieu-la-balme;01;https://www.bien-dans-ma-ville.fr/cheignieu-la-balme-01-01100
108;01101;chevillard;01;https://www.bien-dans-ma-ville.fr/chevillard-01-01101
109;01102;chevroux;01;https://www.bien-dans-ma-ville.fr/chevroux-01-01102
110;01103;chevry;01;https://www.bien-dans-ma-ville.fr/chevry-01-01103
111;01104;chezery-forens;01;https://www.bien-dans-ma-ville.fr/chezery-forens-01-01104
112;01104;chezery-forens;01;https://www.bien-dans-ma-ville.fr/chezery-forens-01-01104
113;01105;civrieux;01;https://www.bien-dans-ma-ville.fr/civrieux-01-01105
114;01106;cize;01;https://www.bien-dans-ma-ville.fr/cize-01-01106
115;01107;cleyzieu;01;https://www.bien-dans-ma-ville.fr/cleyzieu-01-01107
116;01108;coligny;01;https://www.bien-dans-ma-ville.fr/coligny-01-01108
117;01109;collonges;01;https://www.bien-dans-ma-ville.fr/collonges-01-01109
118;01110;colomieu;01;https://www.bien-dans-ma-ville.fr/colomieu-01-01110
119;01111;conand;01;https://www.bien-dans-ma-ville.fr/conand-01-01111
120;01112;condamine;01;https://www.bien-dans-ma-ville.fr/condamine-01-01112
121;01113;condeissiat;01;https://www.bien-dans-ma-ville.fr/condeissiat-01-01113
122;01114;confort;01;https://www.bien-dans-ma-ville.fr/confort-01-01114
123;01115;confrancon;01;https://www.bien-dans-ma-ville.fr/confrancon-01-01115
124;01116;contrevoz;01;https://www.bien-dans-ma-ville.fr/contrevoz-01-01116
125;01117;conzieu;01;https://www.bien-dans-ma-ville.fr/conzieu-01-01117
126;01118;corbonod;01;https://www.bien-dans-ma-ville.fr/corbonod-01-01118
127;01121;corlier;01;https://www.bien-dans-ma-ville.fr/corlier-01-01121
129;01123;cormoranche-sur-saone;01;https://www.bien-dans-ma-ville.fr/cormoranche-sur-saone-01-01123
130;01124;cormoz;01;https://www.bien-dans-ma-ville.fr/cormoz-01-01124
131;01125;corveissiat;01;https://www.bien-dans-ma-ville.fr/corveissiat-01-01125
132;01127;courmangoux;01;https://www.bien-dans-ma-ville.fr/courmangoux-01-01127
133;01128;courtes;01;https://www.bien-dans-ma-ville.fr/courtes-01-01128
134;01129;crans;01;https://www.bien-dans-ma-ville.fr/crans-01-01129
135;01130;cras-sur-reyssouze;01;https://www.bien-dans-ma-ville.fr/cras-sur-reyssouze-01-01130
136;01133;cressin-rochefort;01;https://www.bien-dans-ma-ville.fr/cressin-rochefort-01-01133
137;01134;crottet;01;https://www.bien-dans-ma-ville.fr/crottet-01-01134
138;01134;crottet;01;https://www.bien-dans-ma-ville.fr/crottet-01-01134
139;01135;crozet;01;https://www.bien-dans-ma-ville.fr/crozet-01-01135
140;01136;cruzilles-les-mepillat;01;https://www.bien-dans-ma-ville.fr/cruzilles-les-mepillat-01-01136
141;01138;culoz;01;https://www.bien-dans-ma-ville.fr/culoz-01-01138
142;01139;curciat-dongalon;01;https://www.bien-dans-ma-ville.fr/curciat-dongalon-01-01139
143;01140;curtafond;01;https://www.bien-dans-ma-ville.fr/curtafond-01-01140
144;01141;cuzieu;01;https://www.bien-dans-ma-ville.fr/cuzieu-01-01141
145;01142;dagneux;01;https://www.bien-dans-ma-ville.fr/dagneux-01-01142
146;01143;divonne-les-bains;01;https://www.bien-dans-ma-ville.fr/divonne-les-bains-01-01143
148;01145;dompierre-sur-veyle;01;https://www.bien-dans-ma-ville.fr/dompierre-sur-veyle-01-01145
149;01146;dompierre-sur-chalaronne;01;https://www.bien-dans-ma-ville.fr/dompierre-sur-chalaronne-01-01146
150;01147;domsure;01;https://www.bien-dans-ma-ville.fr/domsure-01-01147
151;01148;dortan;01;https://www.bien-dans-ma-ville.fr/dortan-01-01148
152;01149;douvres;01;https://www.bien-dans-ma-ville.fr/douvres-01-01149
153;01150;drom;01;https://www.bien-dans-ma-ville.fr/drom-01-01150
154;01151;druillat;01;https://www.bien-dans-ma-ville.fr/druillat-01-01151
155;01152;echallon;01;https://www.bien-dans-ma-ville.fr/echallon-01-01152
156;01153;echenevex;01;https://www.bien-dans-ma-ville.fr/echenevex-01-01153
158;01155;evosges;01;https://www.bien-dans-ma-ville.fr/evosges-01-01155
159;01156;faramans;01;https://www.bien-dans-ma-ville.fr/faramans-01-01156
160;01157;fareins;01;https://www.bien-dans-ma-ville.fr/fareins-01-01157
161;01158;farges;01;https://www.bien-dans-ma-ville.fr/farges-01-01158
162;01159;feillens;01;https://www.bien-dans-ma-ville.fr/feillens-01-01159
163;01160;ferney-voltaire;01;https://www.bien-dans-ma-ville.fr/ferney-voltaire-01-01160
164;01162;flaxieu;01;https://www.bien-dans-ma-ville.fr/flaxieu-01-01162
165;01163;foissiat;01;https://www.bien-dans-ma-ville.fr/foissiat-01-01163
166;01165;francheleins;01;https://www.bien-dans-ma-ville.fr/francheleins-01-01165
167;01165;francheleins;01;https://www.bien-dans-ma-ville.fr/francheleins-01-01165
168;01165;francheleins;01;https://www.bien-dans-ma-ville.fr/francheleins-01-01165
169;01166;frans;01;https://www.bien-dans-ma-ville.fr/frans-01-01166
170;01167;garnerans;01;https://www.bien-dans-ma-ville.fr/garnerans-01-01167
171;01169;genouilleux;01;https://www.bien-dans-ma-ville.fr/genouilleux-01-01169
172;01170;beard-geovreissiat;01;https://www.bien-dans-ma-ville.fr/beard-geovreissiat-01-01170
173;01171;geovreisset;01;https://www.bien-dans-ma-ville.fr/geovreisset-01-01171
175;01173;gex;01;https://www.bien-dans-ma-ville.fr/gex-01-01173
176;01174;giron;01;https://www.bien-dans-ma-ville.fr/giron-01-01174
177;01175;gorrevod;01;https://www.bien-dans-ma-ville.fr/gorrevod-01-01175
178;01177;grand-corent;01;https://www.bien-dans-ma-ville.fr/grand-corent-01-01177
179;01179;grieges;01;https://www.bien-dans-ma-ville.fr/grieges-01-01179
180;01180;grilly;01;https://www.bien-dans-ma-ville.fr/grilly-01-01180
181;01181;groissiat;01;https://www.bien-dans-ma-ville.fr/groissiat-01-01181
182;01183;guereins;01;https://www.bien-dans-ma-ville.fr/guereins-01-01183
183;01184;hautecourt-romaneche;01;https://www.bien-dans-ma-ville.fr/hautecourt-romaneche-01-01184
184;01184;hautecourt-romaneche;01;https://www.bien-dans-ma-ville.fr/hautecourt-romaneche-01-01184
185;01185;hauteville-lompnes;01;https://www.bien-dans-ma-ville.fr/hauteville-lompnes-01-01185
187;01187;haut-valromey;01;https://www.bien-dans-ma-ville.fr/haut-valromey-01-01187
188;01187;haut-valromey;01;https://www.bien-dans-ma-ville.fr/haut-valromey-01-01187
189;01187;haut-valromey;01;https://www.bien-dans-ma-ville.fr/haut-valromey-01-01187
190;01187;haut-valromey;01;https://www.bien-dans-ma-ville.fr/haut-valromey-01-01187
191;01188;illiat;01;https://www.bien-dans-ma-ville.fr/illiat-01-01188
192;01189;injoux-genissiat;01;https://www.bien-dans-ma-ville.fr/injoux-genissiat-01-01189
193;01189;injoux-genissiat;01;https://www.bien-dans-ma-ville.fr/injoux-genissiat-01-01189
194;01190;innimond;01;https://www.bien-dans-ma-ville.fr/innimond-01-01190
195;01191;izenave;01;https://www.bien-dans-ma-ville.fr/izenave-01-01191
196;01192;izernore;01;https://www.bien-dans-ma-ville.fr/izernore-01-01192
197;01193;izieu;01;https://www.bien-dans-ma-ville.fr/izieu-01-01193
198;01194;jassans-riottier;01;https://www.bien-dans-ma-ville.fr/jassans-riottier-01-01194
199;01195;jasseron;01;https://www.bien-dans-ma-ville.fr/jasseron-01-01195
200;01196;jayat;01;https://www.bien-dans-ma-ville.fr/jayat-01-01196
201;01197;journans;01;https://www.bien-dans-ma-ville.fr/journans-01-01197
202;01198;joyeux;01;https://www.bien-dans-ma-ville.fr/joyeux-01-01198
203;01199;jujurieux;01;https://www.bien-dans-ma-ville.fr/jujurieux-01-01199
204;01200;labalme;01;https://www.bien-dans-ma-ville.fr/labalme-01-01200
205;01202;lagnieu;01;https://www.bien-dans-ma-ville.fr/lagnieu-01-01202
206;01203;laiz;01;https://www.bien-dans-ma-ville.fr/laiz-01-01203
207;01204;poizat-lalleyriat;01;https://www.bien-dans-ma-ville.fr/poizat-lalleyriat-01-01204
208;01204;poizat-lalleyriat;01;https://www.bien-dans-ma-ville.fr/poizat-lalleyriat-01-01204
210;01206;lantenay;01;https://www.bien-dans-ma-ville.fr/lantenay-01-01206
211;01207;lapeyrouse;01;https://www.bien-dans-ma-ville.fr/lapeyrouse-01-01207
212;01208;lavours;01;https://www.bien-dans-ma-ville.fr/lavours-01-01208
213;01209;leaz;01;https://www.bien-dans-ma-ville.fr/leaz-01-01209
214;01210;lelex;01;https://www.bien-dans-ma-ville.fr/lelex-01-01210
215;01211;lent;01;https://www.bien-dans-ma-ville.fr/lent-01-01211
216;01212;lescheroux;01;https://www.bien-dans-ma-ville.fr/lescheroux-01-01212
217;01213;leyment;01;https://www.bien-dans-ma-ville.fr/leyment-01-01213
218;01214;leyssard;01;https://www.bien-dans-ma-ville.fr/leyssard-01-01214
219;01215;lhopital;01;https://www.bien-dans-ma-ville.fr/lhopital-01-01215
220;01216;lhuis;01;https://www.bien-dans-ma-ville.fr/lhuis-01-01216
222;01219;lompnas;01;https://www.bien-dans-ma-ville.fr/lompnas-01-01219
224;01224;loyettes;01;https://www.bien-dans-ma-ville.fr/loyettes-01-01224
225;01225;lurcy;01;https://www.bien-dans-ma-ville.fr/lurcy-01-01225
226;01227;magnieu;01;https://www.bien-dans-ma-ville.fr/magnieu-01-01227
227;01228;maillat;01;https://www.bien-dans-ma-ville.fr/maillat-01-01228
228;01229;malafretaz;01;https://www.bien-dans-ma-ville.fr/malafretaz-01-01229
229;01230;mantenay-montlin;01;https://www.bien-dans-ma-ville.fr/mantenay-montlin-01-01230
230;01231;manziat;01;https://www.bien-dans-ma-ville.fr/manziat-01-01231
231;01232;marboz;01;https://www.bien-dans-ma-ville.fr/marboz-01-01232
232;01233;marchamp;01;https://www.bien-dans-ma-ville.fr/marchamp-01-01233
233;01234;marignieu;01;https://www.bien-dans-ma-ville.fr/marignieu-01-01234
234;01235;marlieux;01;https://www.bien-dans-ma-ville.fr/marlieux-01-01235
235;01236;marsonnas;01;https://www.bien-dans-ma-ville.fr/marsonnas-01-01236
236;01237;martignat;01;https://www.bien-dans-ma-ville.fr/martignat-01-01237
237;01238;massieux;01;https://www.bien-dans-ma-ville.fr/massieux-01-01238
238;01239;massignieu-de-rives;01;https://www.bien-dans-ma-ville.fr/massignieu-de-rives-01-01239
239;01240;matafelon-granges;01;https://www.bien-dans-ma-ville.fr/matafelon-granges-01-01240
240;01240;matafelon-granges;01;https://www.bien-dans-ma-ville.fr/matafelon-granges-01-01240
241;01241;meillonnas;01;https://www.bien-dans-ma-ville.fr/meillonnas-01-01241
242;01242;merignat;01;https://www.bien-dans-ma-ville.fr/merignat-01-01242
243;01243;messimy-sur-saone;01;https://www.bien-dans-ma-ville.fr/messimy-sur-saone-01-01243
244;01244;meximieux;01;https://www.bien-dans-ma-ville.fr/meximieux-01-01244
245;01245;bohas-meyriat-rignat;01;https://www.bien-dans-ma-ville.fr/bohas-meyriat-rignat-01-01245
246;01245;bohas-meyriat-rignat;01;https://www.bien-dans-ma-ville.fr/bohas-meyriat-rignat-01-01245
247;01245;bohas-meyriat-rignat;01;https://www.bien-dans-ma-ville.fr/bohas-meyriat-rignat-01-01245
248;01246;mezeriat;01;https://www.bien-dans-ma-ville.fr/mezeriat-01-01246
249;01247;mijoux;01;https://www.bien-dans-ma-ville.fr/mijoux-01-01247
250;01247;mijoux;01;https://www.bien-dans-ma-ville.fr/mijoux-01-01247
251;01248;mionnay;01;https://www.bien-dans-ma-ville.fr/mionnay-01-01248
252;01249;miribel;01;https://www.bien-dans-ma-ville.fr/miribel-01-01249
253;01249;miribel;01;https://www.bien-dans-ma-ville.fr/miribel-01-01249
254;01249;miribel;01;https://www.bien-dans-ma-ville.fr/miribel-01-01249
255;01250;miserieux;01;https://www.bien-dans-ma-ville.fr/miserieux-01-01250
256;01252;mogneneins;01;https://www.bien-dans-ma-ville.fr/mogneneins-01-01252
257;01254;montagnat;01;https://www.bien-dans-ma-ville.fr/montagnat-01-01254
258;01255;montagnieu;01;https://www.bien-dans-ma-ville.fr/montagnieu-01-01255
259;01257;montanges;01;https://www.bien-dans-ma-ville.fr/montanges-01-01257
260;01258;montceaux;01;https://www.bien-dans-ma-ville.fr/montceaux-01-01258
261;01259;montcet;01;https://www.bien-dans-ma-ville.fr/montcet-01-01259
262;01260;montellier;01;https://www.bien-dans-ma-ville.fr/montellier-01-01260
263;01261;monthieux;01;https://www.bien-dans-ma-ville.fr/monthieux-01-01261
264;01262;montluel;01;https://www.bien-dans-ma-ville.fr/montluel-01-01262
265;01262;montluel;01;https://www.bien-dans-ma-ville.fr/montluel-01-01262
266;01262;montluel;01;https://www.bien-dans-ma-ville.fr/montluel-01-01262
267;01263;montmerle-sur-saone;01;https://www.bien-dans-ma-ville.fr/montmerle-sur-saone-01-01263
268;01264;montracol;01;https://www.bien-dans-ma-ville.fr/montracol-01-01264
269;01265;montreal-la-cluse;01;https://www.bien-dans-ma-ville.fr/montreal-la-cluse-01-01265
270;01266;montrevel-en-bresse;01;https://www.bien-dans-ma-ville.fr/montrevel-en-bresse-01-01266
271;01267;nurieux-volognat;01;https://www.bien-dans-ma-ville.fr/nurieux-volognat-01-01267
272;01267;nurieux-volognat;01;https://www.bien-dans-ma-ville.fr/nurieux-volognat-01-01267
273;01268;murs-et-gelignieux;01;https://www.bien-dans-ma-ville.fr/murs-et-gelignieux-01-01268
274;01269;nantua;01;https://www.bien-dans-ma-ville.fr/nantua-01-01269
275;01269;nantua;01;https://www.bien-dans-ma-ville.fr/nantua-01-01269
276;01272;neuville-les-dames;01;https://www.bien-dans-ma-ville.fr/neuville-les-dames-01-01272
277;01273;neuville-sur-ain;01;https://www.bien-dans-ma-ville.fr/neuville-sur-ain-01-01273
278;01274;neyrolles;01;https://www.bien-dans-ma-ville.fr/neyrolles-01-01274
279;01275;neyron;01;https://www.bien-dans-ma-ville.fr/neyron-01-01275
280;01276;nievroz;01;https://www.bien-dans-ma-ville.fr/nievroz-01-01276
281;01277;nivollet-montgriffon;01;https://www.bien-dans-ma-ville.fr/nivollet-montgriffon-01-01277
282;01279;oncieu;01;https://www.bien-dans-ma-ville.fr/oncieu-01-01279
283;01280;ordonnaz;01;https://www.bien-dans-ma-ville.fr/ordonnaz-01-01280
284;01281;ornex;01;https://www.bien-dans-ma-ville.fr/ornex-01-01281
285;01282;outriaz;01;https://www.bien-dans-ma-ville.fr/outriaz-01-01282
286;01283;oyonnax;01;https://www.bien-dans-ma-ville.fr/oyonnax-01-01283
287;01283;oyonnax;01;https://www.bien-dans-ma-ville.fr/oyonnax-01-01283
288;01283;oyonnax;01;https://www.bien-dans-ma-ville.fr/oyonnax-01-01283
289;01284;ozan;01;https://www.bien-dans-ma-ville.fr/ozan-01-01284
290;01285;parcieux;01;https://www.bien-dans-ma-ville.fr/parcieux-01-01285
291;01286;parves-et-nattages;01;https://www.bien-dans-ma-ville.fr/parves-et-nattages-01-01286
292;01286;parves-et-nattages;01;https://www.bien-dans-ma-ville.fr/parves-et-nattages-01-01286
293;01288;peron;01;https://www.bien-dans-ma-ville.fr/peron-01-01288
294;01289;peronnas;01;https://www.bien-dans-ma-ville.fr/peronnas-01-01289
295;01290;perouges;01;https://www.bien-dans-ma-ville.fr/perouges-01-01290
296;01291;perrex;01;https://www.bien-dans-ma-ville.fr/perrex-01-01291
297;01293;peyriat;01;https://www.bien-dans-ma-ville.fr/peyriat-01-01293
298;01294;peyrieu;01;https://www.bien-dans-ma-ville.fr/peyrieu-01-01294
299;01295;peyzieux-sur-saone;01;https://www.bien-dans-ma-ville.fr/peyzieux-sur-saone-01-01295
300;01296;pirajoux;01;https://www.bien-dans-ma-ville.fr/pirajoux-01-01296
301;01297;pizay;01;https://www.bien-dans-ma-ville.fr/pizay-01-01297
302;01298;plagne;01;https://www.bien-dans-ma-ville.fr/plagne-01-01298
303;01299;plantay;01;https://www.bien-dans-ma-ville.fr/plantay-01-01299
304;01301;polliat;01;https://www.bien-dans-ma-ville.fr/polliat-01-01301
305;01302;pollieu;01;https://www.bien-dans-ma-ville.fr/pollieu-01-01302
306;01303;poncin;01;https://www.bien-dans-ma-ville.fr/poncin-01-01303
308;01305;pont-de-vaux;01;https://www.bien-dans-ma-ville.fr/pont-de-vaux-01-01305
309;01306;pont-de-veyle;01;https://www.bien-dans-ma-ville.fr/pont-de-veyle-01-01306
310;01307;port;01;https://www.bien-dans-ma-ville.fr/port-01-01307
311;01308;pougny;01;https://www.bien-dans-ma-ville.fr/pougny-01-01308
312;01309;pouillat;01;https://www.bien-dans-ma-ville.fr/pouillat-01-01309
313;01310;premeyzel;01;https://www.bien-dans-ma-ville.fr/premeyzel-01-01310
314;01311;premillieu;01;https://www.bien-dans-ma-ville.fr/premillieu-01-01311
315;01313;prevessin-moens;01;https://www.bien-dans-ma-ville.fr/prevessin-moens-01-01313
316;01313;prevessin-moens;01;https://www.bien-dans-ma-ville.fr/prevessin-moens-01-01313
317;01314;priay;01;https://www.bien-dans-ma-ville.fr/priay-01-01314
319;01317;ramasse;01;https://www.bien-dans-ma-ville.fr/ramasse-01-01317
320;01318;rance;01;https://www.bien-dans-ma-ville.fr/rance-01-01318
321;01319;relevant;01;https://www.bien-dans-ma-ville.fr/relevant-01-01319
322;01320;replonges;01;https://www.bien-dans-ma-ville.fr/replonges-01-01320
323;01321;revonnas;01;https://www.bien-dans-ma-ville.fr/revonnas-01-01321
324;01322;reyrieux;01;https://www.bien-dans-ma-ville.fr/reyrieux-01-01322
325;01323;reyssouze;01;https://www.bien-dans-ma-ville.fr/reyssouze-01-01323
326;01325;rignieux-le-franc;01;https://www.bien-dans-ma-ville.fr/rignieux-le-franc-01-01325
327;01328;romans;01;https://www.bien-dans-ma-ville.fr/romans-01-01328
328;01329;rossillon;01;https://www.bien-dans-ma-ville.fr/rossillon-01-01329
329;01330;ruffieu;01;https://www.bien-dans-ma-ville.fr/ruffieu-01-01330
330;01331;saint-alban;01;https://www.bien-dans-ma-ville.fr/saint-alban-01-01331
331;01332;saint-andre-de-bage;01;https://www.bien-dans-ma-ville.fr/saint-andre-de-bage-01-01332
332;01333;saint-andre-de-corcy;01;https://www.bien-dans-ma-ville.fr/saint-andre-de-corcy-01-01333
334;01335;saint-andre-le-bouchoux;01;https://www.bien-dans-ma-ville.fr/saint-andre-le-bouchoux-01-01335
335;01336;saint-andre-sur-vieux-jonc;01;https://www.bien-dans-ma-ville.fr/saint-andre-sur-vieux-jonc-01-01336
336;01337;saint-benigne;01;https://www.bien-dans-ma-ville.fr/saint-benigne-01-01337
337;01338;groslee-saint-benoit;01;https://www.bien-dans-ma-ville.fr/groslee-saint-benoit-01-01338
338;01338;groslee-saint-benoit;01;https://www.bien-dans-ma-ville.fr/groslee-saint-benoit-01-01338
339;01339;saint-bernard;01;https://www.bien-dans-ma-ville.fr/saint-bernard-01-01339
341;01342;sainte-croix;01;https://www.bien-dans-ma-ville.fr/sainte-croix-01-01342
342;01343;saint-cyr-sur-menthon;01;https://www.bien-dans-ma-ville.fr/saint-cyr-sur-menthon-01-01343
343;01344;saint-denis-les-bourg;01;https://www.bien-dans-ma-ville.fr/saint-denis-les-bourg-01-01344
344;01345;saint-denis-en-bugey;01;https://www.bien-dans-ma-ville.fr/saint-denis-en-bugey-01-01345
346;01347;saint-didier-de-formans;01;https://www.bien-dans-ma-ville.fr/saint-didier-de-formans-01-01347
347;01348;saint-didier-sur-chalaronne;01;https://www.bien-dans-ma-ville.fr/saint-didier-sur-chalaronne-01-01348
348;01349;saint-eloi;01;https://www.bien-dans-ma-ville.fr/saint-eloi-01-01349
349;01350;saint-etienne-du-bois;01;https://www.bien-dans-ma-ville.fr/saint-etienne-du-bois-01-01350
350;01351;saint-etienne-sur-chalaronne;01;https://www.bien-dans-ma-ville.fr/saint-etienne-sur-chalaronne-01-01351
351;01352;saint-etienne-sur-reyssouze;01;https://www.bien-dans-ma-ville.fr/saint-etienne-sur-reyssouze-01-01352
352;01353;sainte-euphemie;01;https://www.bien-dans-ma-ville.fr/sainte-euphemie-01-01353
353;01354;saint-genis-pouilly;01;https://www.bien-dans-ma-ville.fr/saint-genis-pouilly-01-01354
354;01355;saint-genis-sur-menthon;01;https://www.bien-dans-ma-ville.fr/saint-genis-sur-menthon-01-01355
355;01356;saint-georges-sur-renon;01;https://www.bien-dans-ma-ville.fr/saint-georges-sur-renon-01-01356
356;01357;saint-germain-de-joux;01;https://www.bien-dans-ma-ville.fr/saint-germain-de-joux-01-01357
357;01358;saint-germain-les-paroisses;01;https://www.bien-dans-ma-ville.fr/saint-germain-les-paroisses-01-01358
358;01359;saint-germain-sur-renon;01;https://www.bien-dans-ma-ville.fr/saint-germain-sur-renon-01-01359
359;01360;saint-jean-de-gonville;01;https://www.bien-dans-ma-ville.fr/saint-jean-de-gonville-01-01360
360;01361;saint-jean-de-niost;01;https://www.bien-dans-ma-ville.fr/saint-jean-de-niost-01-01361
361;01362;saint-jean-de-thurigneux;01;https://www.bien-dans-ma-ville.fr/saint-jean-de-thurigneux-01-01362
362;01363;saint-jean-le-vieux;01;https://www.bien-dans-ma-ville.fr/saint-jean-le-vieux-01-01363
363;01364;saint-jean-sur-reyssouze;01;https://www.bien-dans-ma-ville.fr/saint-jean-sur-reyssouze-01-01364
364;01365;saint-jean-sur-veyle;01;https://www.bien-dans-ma-ville.fr/saint-jean-sur-veyle-01-01365
365;01366;sainte-julie;01;https://www.bien-dans-ma-ville.fr/sainte-julie-01-01366
366;01367;saint-julien-sur-reyssouze;01;https://www.bien-dans-ma-ville.fr/saint-julien-sur-reyssouze-01-01367
367;01368;saint-julien-sur-veyle;01;https://www.bien-dans-ma-ville.fr/saint-julien-sur-veyle-01-01368
368;01369;saint-just;01;https://www.bien-dans-ma-ville.fr/saint-just-01-01369
369;01370;saint-laurent-sur-saone;01;https://www.bien-dans-ma-ville.fr/saint-laurent-sur-saone-01-01370
370;01371;saint-marcel;01;https://www.bien-dans-ma-ville.fr/saint-marcel-01-01371
371;01372;saint-martin-de-bavel;01;https://www.bien-dans-ma-ville.fr/saint-martin-de-bavel-01-01372
372;01373;saint-martin-du-frene;01;https://www.bien-dans-ma-ville.fr/saint-martin-du-frene-01-01373
373;01374;saint-martin-du-mont;01;https://www.bien-dans-ma-ville.fr/saint-martin-du-mont-01-01374
374;01375;saint-martin-le-chatel;01;https://www.bien-dans-ma-ville.fr/saint-martin-le-chatel-01-01375
375;01376;saint-maurice-de-beynost;01;https://www.bien-dans-ma-ville.fr/saint-maurice-de-beynost-01-01376
376;01378;saint-maurice-de-gourdans;01;https://www.bien-dans-ma-ville.fr/saint-maurice-de-gourdans-01-01378
377;01379;saint-maurice-de-remens;01;https://www.bien-dans-ma-ville.fr/saint-maurice-de-remens-01-01379
378;01380;saint-nizier-le-bouchoux;01;https://www.bien-dans-ma-ville.fr/saint-nizier-le-bouchoux-01-01380
379;01381;saint-nizier-le-desert;01;https://www.bien-dans-ma-ville.fr/saint-nizier-le-desert-01-01381
380;01382;sainte-olive;01;https://www.bien-dans-ma-ville.fr/sainte-olive-01-01382
381;01383;saint-paul-de-varax;01;https://www.bien-dans-ma-ville.fr/saint-paul-de-varax-01-01383
382;01384;saint-rambert-en-bugey;01;https://www.bien-dans-ma-ville.fr/saint-rambert-en-bugey-01-01384
383;01385;saint-remy;01;https://www.bien-dans-ma-ville.fr/saint-remy-01-01385
384;01386;saint-sorlin-en-bugey;01;https://www.bien-dans-ma-ville.fr/saint-sorlin-en-bugey-01-01386
385;01387;saint-sulpice;01;https://www.bien-dans-ma-ville.fr/saint-sulpice-01-01387
386;01388;saint-trivier-de-courtes;01;https://www.bien-dans-ma-ville.fr/saint-trivier-de-courtes-01-01388
387;01389;saint-trivier-sur-moignans;01;https://www.bien-dans-ma-ville.fr/saint-trivier-sur-moignans-01-01389
388;01390;saint-vulbas;01;https://www.bien-dans-ma-ville.fr/saint-vulbas-01-01390
389;01391;salavre;01;https://www.bien-dans-ma-ville.fr/salavre-01-01391
390;01392;samognat;01;https://www.bien-dans-ma-ville.fr/samognat-01-01392
391;01393;sandrans;01;https://www.bien-dans-ma-ville.fr/sandrans-01-01393
392;01396;sault-brenaz;01;https://www.bien-dans-ma-ville.fr/sault-brenaz-01-01396
393;01397;sauverny;01;https://www.bien-dans-ma-ville.fr/sauverny-01-01397
394;01398;savigneux;01;https://www.bien-dans-ma-ville.fr/savigneux-01-01398
395;01399;segny;01;https://www.bien-dans-ma-ville.fr/segny-01-01399
396;01400;seillonnaz;01;https://www.bien-dans-ma-ville.fr/seillonnaz-01-01400
397;01401;sergy;01;https://www.bien-dans-ma-ville.fr/sergy-01-01401
398;01402;sermoyer;01;https://www.bien-dans-ma-ville.fr/sermoyer-01-01402
399;01403;serrieres-de-briord;01;https://www.bien-dans-ma-ville.fr/serrieres-de-briord-01-01403
400;01404;serrieres-sur-ain;01;https://www.bien-dans-ma-ville.fr/serrieres-sur-ain-01-01404
401;01405;servas;01;https://www.bien-dans-ma-ville.fr/servas-01-01405
402;01406;servignat;01;https://www.bien-dans-ma-ville.fr/servignat-01-01406
403;01407;seyssel;01;https://www.bien-dans-ma-ville.fr/seyssel-01-01407
404;01408;simandre-sur-suran;01;https://www.bien-dans-ma-ville.fr/simandre-sur-suran-01-01408
405;01410;sonthonnax-la-montagne;01;https://www.bien-dans-ma-ville.fr/sonthonnax-la-montagne-01-01410
406;01410;sonthonnax-la-montagne;01;https://www.bien-dans-ma-ville.fr/sonthonnax-la-montagne-01-01410
407;01411;souclin;01;https://www.bien-dans-ma-ville.fr/souclin-01-01411
408;01412;sulignat;01;https://www.bien-dans-ma-ville.fr/sulignat-01-01412
413;01415;talissieu;01;https://www.bien-dans-ma-ville.fr/talissieu-01-01415
414;01416;tenay;01;https://www.bien-dans-ma-ville.fr/tenay-01-01416
416;01418;thil;01;https://www.bien-dans-ma-ville.fr/thil-01-01418
417;01419;thoiry;01;https://www.bien-dans-ma-ville.fr/thoiry-01-01419
418;01420;thoissey;01;https://www.bien-dans-ma-ville.fr/thoissey-01-01420
419;01421;torcieu;01;https://www.bien-dans-ma-ville.fr/torcieu-01-01421
420;01422;tossiat;01;https://www.bien-dans-ma-ville.fr/tossiat-01-01422
421;01423;toussieux;01;https://www.bien-dans-ma-ville.fr/toussieux-01-01423
422;01424;tramoyes;01;https://www.bien-dans-ma-ville.fr/tramoyes-01-01424
423;01425;trancliere;01;https://www.bien-dans-ma-ville.fr/trancliere-01-01425
424;01426;val-revermont;01;https://www.bien-dans-ma-ville.fr/val-revermont-01-01426
425;01426;val-revermont;01;https://www.bien-dans-ma-ville.fr/val-revermont-01-01426
426;01426;val-revermont;01;https://www.bien-dans-ma-ville.fr/val-revermont-01-01426
427;01427;trevoux;01;https://www.bien-dans-ma-ville.fr/trevoux-01-01427
428;01428;valeins;01;https://www.bien-dans-ma-ville.fr/valeins-01-01428
429;01429;vandeins;01;https://www.bien-dans-ma-ville.fr/vandeins-01-01429
430;01430;varambon;01;https://www.bien-dans-ma-ville.fr/varambon-01-01430
431;01431;vaux-en-bugey;01;https://www.bien-dans-ma-ville.fr/vaux-en-bugey-01-01431
432;01432;verjon;01;https://www.bien-dans-ma-ville.fr/verjon-01-01432
433;01433;vernoux;01;https://www.bien-dans-ma-ville.fr/vernoux-01-01433
434;01434;versailleux;01;https://www.bien-dans-ma-ville.fr/versailleux-01-01434
435;01435;versonnex;01;https://www.bien-dans-ma-ville.fr/versonnex-01-01435
436;01436;vesancy;01;https://www.bien-dans-ma-ville.fr/vesancy-01-01436
437;01437;vescours;01;https://www.bien-dans-ma-ville.fr/vescours-01-01437
438;01439;vesines;01;https://www.bien-dans-ma-ville.fr/vesines-01-01439
441;01443;villars-les-dombes;01;https://www.bien-dans-ma-ville.fr/villars-les-dombes-01-01443
442;01444;villebois;01;https://www.bien-dans-ma-ville.fr/villebois-01-01444
443;01445;villemotier;01;https://www.bien-dans-ma-ville.fr/villemotier-01-01445
444;01446;villeneuve;01;https://www.bien-dans-ma-ville.fr/villeneuve-01-01446
445;01447;villereversure;01;https://www.bien-dans-ma-ville.fr/villereversure-01-01447
446;01448;villes;01;https://www.bien-dans-ma-ville.fr/villes-01-01448
447;01449;villette-sur-ain;01;https://www.bien-dans-ma-ville.fr/villette-sur-ain-01-01449
448;01450;villieu-loyes-mollon;01;https://www.bien-dans-ma-ville.fr/villieu-loyes-mollon-01-01450
449;01450;villieu-loyes-mollon;01;https://www.bien-dans-ma-ville.fr/villieu-loyes-mollon-01-01450
450;01450;villieu-loyes-mollon;01;https://www.bien-dans-ma-ville.fr/villieu-loyes-mollon-01-01450
451;01451;viriat;01;https://www.bien-dans-ma-ville.fr/viriat-01-01451
452;01452;virieu-le-grand;01;https://www.bien-dans-ma-ville.fr/virieu-le-grand-01-01452
453;01453;virieu-le-petit;01;https://www.bien-dans-ma-ville.fr/virieu-le-petit-01-01453
454;01454;virignin;01;https://www.bien-dans-ma-ville.fr/virignin-01-01454
455;01456;vongnes;01;https://www.bien-dans-ma-ville.fr/vongnes-01-01456
456;01457;vonnas;01;https://www.bien-dans-ma-ville.fr/vonnas-01-01457
457;02001;abbecourt;02;https://www.bien-dans-ma-ville.fr/abbecourt-02-02001
458;02002;achery;02;https://www.bien-dans-ma-ville.fr/achery-02-02002
459;02003;acy;02;https://www.bien-dans-ma-ville.fr/acy-02-02003
460;02004;agnicourt-et-sechelles;02;https://www.bien-dans-ma-ville.fr/agnicourt-et-sechelles-02-02004
461;02005;aguilcourt;02;https://www.bien-dans-ma-ville.fr/aguilcourt-02-02005
462;02006;aisonville-et-bernoville;02;https://www.bien-dans-ma-ville.fr/aisonville-et-bernoville-02-02006
463;02007;aizelles;02;https://www.bien-dans-ma-ville.fr/aizelles-02-02007
464;02008;aizy-jouy;02;https://www.bien-dans-ma-ville.fr/aizy-jouy-02-02008
465;02008;aizy-jouy;02;https://www.bien-dans-ma-ville.fr/aizy-jouy-02-02008
466;02009;alaincourt;02;https://www.bien-dans-ma-ville.fr/alaincourt-02-02009
467;02010;allemant;02;https://www.bien-dans-ma-ville.fr/allemant-02-02010
468;02011;ambleny;02;https://www.bien-dans-ma-ville.fr/ambleny-02-02011
469;02012;ambrief;02;https://www.bien-dans-ma-ville.fr/ambrief-02-02012
470;02013;amifontaine;02;https://www.bien-dans-ma-ville.fr/amifontaine-02-02013
471;02014;amigny-rouy;02;https://www.bien-dans-ma-ville.fr/amigny-rouy-02-02014
472;02015;ancienville;02;https://www.bien-dans-ma-ville.fr/ancienville-02-02015
473;02016;andelain;02;https://www.bien-dans-ma-ville.fr/andelain-02-02016
474;02017;anguilcourt-le-sart;02;https://www.bien-dans-ma-ville.fr/anguilcourt-le-sart-02-02017
475;02018;anizy-le-chateau;02;https://www.bien-dans-ma-ville.fr/anizy-le-chateau-02-02018
476;02019;annois;02;https://www.bien-dans-ma-ville.fr/annois-02-02019
477;02020;any-martin-rieux;02;https://www.bien-dans-ma-ville.fr/any-martin-rieux-02-02020
478;02021;archon;02;https://www.bien-dans-ma-ville.fr/archon-02-02021
479;02022;arcy-sainte-restitue;02;https://www.bien-dans-ma-ville.fr/arcy-sainte-restitue-02-02022
480;02022;arcy-sainte-restitue;02;https://www.bien-dans-ma-ville.fr/arcy-sainte-restitue-02-02022
481;02023;armentieres-sur-ourcq;02;https://www.bien-dans-ma-ville.fr/armentieres-sur-ourcq-02-02023
482;02024;arrancy;02;https://www.bien-dans-ma-ville.fr/arrancy-02-02024
483;02025;artemps;02;https://www.bien-dans-ma-ville.fr/artemps-02-02025
484;02027;assis-sur-serre;02;https://www.bien-dans-ma-ville.fr/assis-sur-serre-02-02027
485;02028;athies-sous-laon;02;https://www.bien-dans-ma-ville.fr/athies-sous-laon-02-02028
486;02029;attilly;02;https://www.bien-dans-ma-ville.fr/attilly-02-02029
487;02030;aubencheul-aux-bois;02;https://www.bien-dans-ma-ville.fr/aubencheul-aux-bois-02-02030
488;02031;aubenton;02;https://www.bien-dans-ma-ville.fr/aubenton-02-02031
489;02032;aubigny-aux-kaisnes;02;https://www.bien-dans-ma-ville.fr/aubigny-aux-kaisnes-02-02032
490;02033;aubigny-en-laonnois;02;https://www.bien-dans-ma-ville.fr/aubigny-en-laonnois-02-02033
491;02034;audignicourt;02;https://www.bien-dans-ma-ville.fr/audignicourt-02-02034
492;02035;audigny;02;https://www.bien-dans-ma-ville.fr/audigny-02-02035
493;02036;augy;02;https://www.bien-dans-ma-ville.fr/augy-02-02036
494;02037;aulnois-sous-laon;02;https://www.bien-dans-ma-ville.fr/aulnois-sous-laon-02-02037
495;02038;autels;02;https://www.bien-dans-ma-ville.fr/autels-02-02038
496;02039;autremencourt;02;https://www.bien-dans-ma-ville.fr/autremencourt-02-02039
497;02040;autreppes;02;https://www.bien-dans-ma-ville.fr/autreppes-02-02040
498;02041;autreville;02;https://www.bien-dans-ma-ville.fr/autreville-02-02041
499;02042;azy-sur-marne;02;https://www.bien-dans-ma-ville.fr/azy-sur-marne-02-02042
500;02043;bagneux;02;https://www.bien-dans-ma-ville.fr/bagneux-02-02043
501;02044;bancigny;02;https://www.bien-dans-ma-ville.fr/bancigny-02-02044
502;02046;barenton-bugny;02;https://www.bien-dans-ma-ville.fr/barenton-bugny-02-02046
503;02047;barenton-cel;02;https://www.bien-dans-ma-ville.fr/barenton-cel-02-02047
504;02048;barenton-sur-serre;02;https://www.bien-dans-ma-ville.fr/barenton-sur-serre-02-02048
505;02049;barisis-aux-bois;02;https://www.bien-dans-ma-ville.fr/barisis-aux-bois-02-02049
506;02050;barzy-en-thierache;02;https://www.bien-dans-ma-ville.fr/barzy-en-thierache-02-02050
507;02051;barzy-sur-marne;02;https://www.bien-dans-ma-ville.fr/barzy-sur-marne-02-02051
508;02052;bassoles-aulers;02;https://www.bien-dans-ma-ville.fr/bassoles-aulers-02-02052
509;02053;vallees-en-champagne;02;https://www.bien-dans-ma-ville.fr/vallees-en-champagne-02-02053
510;02053;vallees-en-champagne;02;https://www.bien-dans-ma-ville.fr/vallees-en-champagne-02-02053
511;02053;vallees-en-champagne;02;https://www.bien-dans-ma-ville.fr/vallees-en-champagne-02-02053
512;02054;bazoches-sur-vesles;02;https://www.bien-dans-ma-ville.fr/bazoches-sur-vesles-02-02054
513;02055;beaume;02;https://www.bien-dans-ma-ville.fr/beaume-02-02055
514;02056;beaumont-en-beine;02;https://www.bien-dans-ma-ville.fr/beaumont-en-beine-02-02056
515;02057;beaurevoir;02;https://www.bien-dans-ma-ville.fr/beaurevoir-02-02057
516;02058;beaurieux;02;https://www.bien-dans-ma-ville.fr/beaurieux-02-02058
517;02059;beautor;02;https://www.bien-dans-ma-ville.fr/beautor-02-02059
518;02060;beauvois-en-vermandois;02;https://www.bien-dans-ma-ville.fr/beauvois-en-vermandois-02-02060
519;02061;becquigny;02;https://www.bien-dans-ma-ville.fr/becquigny-02-02061
520;02062;belleau;02;https://www.bien-dans-ma-ville.fr/belleau-02-02062
521;02063;bellenglise;02;https://www.bien-dans-ma-ville.fr/bellenglise-02-02063
522;02064;belleu;02;https://www.bien-dans-ma-ville.fr/belleu-02-02064
523;02065;bellicourt;02;https://www.bien-dans-ma-ville.fr/bellicourt-02-02065
524;02066;benay;02;https://www.bien-dans-ma-ville.fr/benay-02-02066
525;02067;bergues-sur-sambre;02;https://www.bien-dans-ma-ville.fr/bergues-sur-sambre-02-02067
526;02068;berlancourt;02;https://www.bien-dans-ma-ville.fr/berlancourt-02-02068
527;02069;berlise;02;https://www.bien-dans-ma-ville.fr/berlise-02-02069
528;02070;bernot;02;https://www.bien-dans-ma-ville.fr/bernot-02-02070
529;02071;berny-riviere;02;https://www.bien-dans-ma-ville.fr/berny-riviere-02-02071
530;02072;berrieux;02;https://www.bien-dans-ma-ville.fr/berrieux-02-02072
531;02073;berry-au-bac;02;https://www.bien-dans-ma-ville.fr/berry-au-bac-02-02073
532;02074;bertaucourt-epourdon;02;https://www.bien-dans-ma-ville.fr/bertaucourt-epourdon-02-02074
533;02075;berthenicourt;02;https://www.bien-dans-ma-ville.fr/berthenicourt-02-02075
534;02076;bertricourt;02;https://www.bien-dans-ma-ville.fr/bertricourt-02-02076
535;02077;berzy-le-sec;02;https://www.bien-dans-ma-ville.fr/berzy-le-sec-02-02077
536;02078;besme;02;https://www.bien-dans-ma-ville.fr/besme-02-02078
537;02079;besmont;02;https://www.bien-dans-ma-ville.fr/besmont-02-02079
538;02080;besny-et-loizy;02;https://www.bien-dans-ma-ville.fr/besny-et-loizy-02-02080
539;02081;bethancourt-en-vaux;02;https://www.bien-dans-ma-ville.fr/bethancourt-en-vaux-02-02081
540;02082;beugneux;02;https://www.bien-dans-ma-ville.fr/beugneux-02-02082
541;02083;beuvardes;02;https://www.bien-dans-ma-ville.fr/beuvardes-02-02083
542;02084;bezu-le-guery;02;https://www.bien-dans-ma-ville.fr/bezu-le-guery-02-02084
543;02085;bezu-saint-germain;02;https://www.bien-dans-ma-ville.fr/bezu-saint-germain-02-02085
544;02086;bichancourt;02;https://www.bien-dans-ma-ville.fr/bichancourt-02-02086
545;02087;bieuxy;02;https://www.bien-dans-ma-ville.fr/bieuxy-02-02087
546;02088;bievres;02;https://www.bien-dans-ma-ville.fr/bievres-02-02088
547;02089;billy-sur-aisne;02;https://www.bien-dans-ma-ville.fr/billy-sur-aisne-02-02089
548;02090;billy-sur-ourcq;02;https://www.bien-dans-ma-ville.fr/billy-sur-ourcq-02-02090
549;02091;blanzy-les-fismes;02;https://www.bien-dans-ma-ville.fr/blanzy-les-fismes-02-02091
550;02093;blerancourt;02;https://www.bien-dans-ma-ville.fr/blerancourt-02-02093
551;02094;blesmes;02;https://www.bien-dans-ma-ville.fr/blesmes-02-02094
552;02095;bohain-en-vermandois;02;https://www.bien-dans-ma-ville.fr/bohain-en-vermandois-02-02095
553;02096;bois-les-pargny;02;https://www.bien-dans-ma-ville.fr/bois-les-pargny-02-02096
554;02097;boncourt;02;https://www.bien-dans-ma-ville.fr/boncourt-02-02097
555;02098;bonneil;02;https://www.bien-dans-ma-ville.fr/bonneil-02-02098
556;02099;bonnesvalyn;02;https://www.bien-dans-ma-ville.fr/bonnesvalyn-02-02099
557;02100;bony;02;https://www.bien-dans-ma-ville.fr/bony-02-02100
558;02101;bosmont-sur-serre;02;https://www.bien-dans-ma-ville.fr/bosmont-sur-serre-02-02101
559;02102;bouconville-vauclair;02;https://www.bien-dans-ma-ville.fr/bouconville-vauclair-02-02102
560;02103;boue;02;https://www.bien-dans-ma-ville.fr/boue-02-02103
561;02104;bouffignereux;02;https://www.bien-dans-ma-ville.fr/bouffignereux-02-02104
562;02105;bouresches;02;https://www.bien-dans-ma-ville.fr/bouresches-02-02105
563;02106;bourg-et-comin;02;https://www.bien-dans-ma-ville.fr/bourg-et-comin-02-02106
564;02107;bourguignon-sous-coucy;02;https://www.bien-dans-ma-ville.fr/bourguignon-sous-coucy-02-02107
565;02108;bourguignon-sous-montbavin;02;https://www.bien-dans-ma-ville.fr/bourguignon-sous-montbavin-02-02108
566;02109;bouteille;02;https://www.bien-dans-ma-ville.fr/bouteille-02-02109
567;02110;braine;02;https://www.bien-dans-ma-ville.fr/braine-02-02110
568;02111;brancourt-en-laonnois;02;https://www.bien-dans-ma-ville.fr/brancourt-en-laonnois-02-02111
569;02112;brancourt-le-grand;02;https://www.bien-dans-ma-ville.fr/brancourt-le-grand-02-02112
570;02114;brasles;02;https://www.bien-dans-ma-ville.fr/brasles-02-02114
571;02115;braye-en-laonnois;02;https://www.bien-dans-ma-ville.fr/braye-en-laonnois-02-02115
572;02116;braye-en-thierache;02;https://www.bien-dans-ma-ville.fr/braye-en-thierache-02-02116
573;02117;bray-saint-christophe;02;https://www.bien-dans-ma-ville.fr/bray-saint-christophe-02-02117
574;02118;braye;02;https://www.bien-dans-ma-ville.fr/braye-02-02118
575;02119;brecy;02;https://www.bien-dans-ma-ville.fr/brecy-02-02119
576;02120;brenelle;02;https://www.bien-dans-ma-ville.fr/brenelle-02-02120
577;02121;breny;02;https://www.bien-dans-ma-ville.fr/breny-02-02121
578;02122;brie;02;https://www.bien-dans-ma-ville.fr/brie-02-02122
579;02123;brissay-choigny;02;https://www.bien-dans-ma-ville.fr/brissay-choigny-02-02123
580;02124;brissy-hamegicourt;02;https://www.bien-dans-ma-ville.fr/brissy-hamegicourt-02-02124
581;02125;brumetz;02;https://www.bien-dans-ma-ville.fr/brumetz-02-02125
582;02126;brunehamel;02;https://www.bien-dans-ma-ville.fr/brunehamel-02-02126
583;02127;bruyeres-sur-fere;02;https://www.bien-dans-ma-ville.fr/bruyeres-sur-fere-02-02127
584;02128;bruyeres-et-montberault;02;https://www.bien-dans-ma-ville.fr/bruyeres-et-montberault-02-02128
585;02129;bruys;02;https://www.bien-dans-ma-ville.fr/bruys-02-02129
586;02130;bucilly;02;https://www.bien-dans-ma-ville.fr/bucilly-02-02130
587;02131;bucy-le-long;02;https://www.bien-dans-ma-ville.fr/bucy-le-long-02-02131
588;02132;bucy-les-cerny;02;https://www.bien-dans-ma-ville.fr/bucy-les-cerny-02-02132
589;02133;bucy-les-pierrepont;02;https://www.bien-dans-ma-ville.fr/bucy-les-pierrepont-02-02133
590;02134;buire;02;https://www.bien-dans-ma-ville.fr/buire-02-02134
591;02135;buironfosse;02;https://www.bien-dans-ma-ville.fr/buironfosse-02-02135
592;02136;burelles;02;https://www.bien-dans-ma-ville.fr/burelles-02-02136
593;02137;bussiares;02;https://www.bien-dans-ma-ville.fr/bussiares-02-02137
594;02138;buzancy;02;https://www.bien-dans-ma-ville.fr/buzancy-02-02138
595;02139;caillouel-crepigny;02;https://www.bien-dans-ma-ville.fr/caillouel-crepigny-02-02139
596;02140;camelin;02;https://www.bien-dans-ma-ville.fr/camelin-02-02140
597;02140;camelin;02;https://www.bien-dans-ma-ville.fr/camelin-02-02140
598;02141;capelle;02;https://www.bien-dans-ma-ville.fr/capelle-02-02141
599;02142;castres;02;https://www.bien-dans-ma-ville.fr/castres-02-02142
600;02143;catelet;02;https://www.bien-dans-ma-ville.fr/catelet-02-02143
601;02144;caulaincourt;02;https://www.bien-dans-ma-ville.fr/caulaincourt-02-02144
602;02145;caumont;02;https://www.bien-dans-ma-ville.fr/caumont-02-02145
603;02146;celles-les-conde;02;https://www.bien-dans-ma-ville.fr/celles-les-conde-02-02146
604;02148;celles-sur-aisne;02;https://www.bien-dans-ma-ville.fr/celles-sur-aisne-02-02148
605;02149;cerizy;02;https://www.bien-dans-ma-ville.fr/cerizy-02-02149
606;02150;cerny-en-laonnois;02;https://www.bien-dans-ma-ville.fr/cerny-en-laonnois-02-02150
607;02151;cerny-les-bucy;02;https://www.bien-dans-ma-ville.fr/cerny-les-bucy-02-02151
608;02152;cerseuil;02;https://www.bien-dans-ma-ville.fr/cerseuil-02-02152
609;02153;cessieres;02;https://www.bien-dans-ma-ville.fr/cessieres-02-02153
610;02154;chacrise;02;https://www.bien-dans-ma-ville.fr/chacrise-02-02154
611;02155;chaillevois;02;https://www.bien-dans-ma-ville.fr/chaillevois-02-02155
612;02156;chalandry;02;https://www.bien-dans-ma-ville.fr/chalandry-02-02156
613;02157;chambry;02;https://www.bien-dans-ma-ville.fr/chambry-02-02157
614;02158;chamouille;02;https://www.bien-dans-ma-ville.fr/chamouille-02-02158
615;02159;champs;02;https://www.bien-dans-ma-ville.fr/champs-02-02159
616;02160;chaourse;02;https://www.bien-dans-ma-ville.fr/chaourse-02-02160
617;02162;chapelle-sur-chezy;02;https://www.bien-dans-ma-ville.fr/chapelle-sur-chezy-02-02162
618;02163;charly-sur-marne;02;https://www.bien-dans-ma-ville.fr/charly-sur-marne-02-02163
619;02164;charmel;02;https://www.bien-dans-ma-ville.fr/charmel-02-02164
620;02165;charmes;02;https://www.bien-dans-ma-ville.fr/charmes-02-02165
621;02166;charteves;02;https://www.bien-dans-ma-ville.fr/charteves-02-02166
622;02167;chassemy;02;https://www.bien-dans-ma-ville.fr/chassemy-02-02167
623;02168;chateau-thierry;02;https://www.bien-dans-ma-ville.fr/chateau-thierry-02-02168
624;02169;chatillon-les-sons;02;https://www.bien-dans-ma-ville.fr/chatillon-les-sons-02-02169
625;02170;chatillon-sur-oise;02;https://www.bien-dans-ma-ville.fr/chatillon-sur-oise-02-02170
626;02171;chaudardes;02;https://www.bien-dans-ma-ville.fr/chaudardes-02-02171
627;02172;chaudun;02;https://www.bien-dans-ma-ville.fr/chaudun-02-02172
628;02173;chauny;02;https://www.bien-dans-ma-ville.fr/chauny-02-02173
629;02174;chavignon;02;https://www.bien-dans-ma-ville.fr/chavignon-02-02174
630;02175;chavigny;02;https://www.bien-dans-ma-ville.fr/chavigny-02-02175
631;02176;chavonne;02;https://www.bien-dans-ma-ville.fr/chavonne-02-02176
632;02177;cheret;02;https://www.bien-dans-ma-ville.fr/cheret-02-02177
633;02178;chermizy-ailles;02;https://www.bien-dans-ma-ville.fr/chermizy-ailles-02-02178
634;02179;chery-chartreuve;02;https://www.bien-dans-ma-ville.fr/chery-chartreuve-02-02179
635;02180;chery-les-pouilly;02;https://www.bien-dans-ma-ville.fr/chery-les-pouilly-02-02180
636;02181;chery-les-rozoy;02;https://www.bien-dans-ma-ville.fr/chery-les-rozoy-02-02181
637;02182;chevennes;02;https://www.bien-dans-ma-ville.fr/chevennes-02-02182
638;02183;chevregny;02;https://www.bien-dans-ma-ville.fr/chevregny-02-02183
639;02184;chevresis-monceau;02;https://www.bien-dans-ma-ville.fr/chevresis-monceau-02-02184
640;02185;chezy-en-orxois;02;https://www.bien-dans-ma-ville.fr/chezy-en-orxois-02-02185
641;02186;chezy-sur-marne;02;https://www.bien-dans-ma-ville.fr/chezy-sur-marne-02-02186
642;02187;chierry;02;https://www.bien-dans-ma-ville.fr/chierry-02-02187
643;02188;chigny;02;https://www.bien-dans-ma-ville.fr/chigny-02-02188
644;02189;chivres-en-laonnois;02;https://www.bien-dans-ma-ville.fr/chivres-en-laonnois-02-02189
645;02190;chivres-val;02;https://www.bien-dans-ma-ville.fr/chivres-val-02-02190
646;02191;chivy-les-etouvelles;02;https://www.bien-dans-ma-ville.fr/chivy-les-etouvelles-02-02191
647;02192;chouy;02;https://www.bien-dans-ma-ville.fr/chouy-02-02192
648;02193;cierges;02;https://www.bien-dans-ma-ville.fr/cierges-02-02193
649;02194;cilly;02;https://www.bien-dans-ma-ville.fr/cilly-02-02194
650;02195;ciry-salsogne;02;https://www.bien-dans-ma-ville.fr/ciry-salsogne-02-02195
651;02196;clacy-et-thierret;02;https://www.bien-dans-ma-ville.fr/clacy-et-thierret-02-02196
652;02197;clairfontaine;02;https://www.bien-dans-ma-ville.fr/clairfontaine-02-02197
653;02198;clamecy;02;https://www.bien-dans-ma-ville.fr/clamecy-02-02198
654;02199;clastres;02;https://www.bien-dans-ma-ville.fr/clastres-02-02199
655;02200;clermont-les-fermes;02;https://www.bien-dans-ma-ville.fr/clermont-les-fermes-02-02200
656;02201;coeuvres-et-valsery;02;https://www.bien-dans-ma-ville.fr/coeuvres-et-valsery-02-02201
657;02203;coincy;02;https://www.bien-dans-ma-ville.fr/coincy-02-02203
658;02204;coingt;02;https://www.bien-dans-ma-ville.fr/coingt-02-02204
659;02205;colligis-crandelain;02;https://www.bien-dans-ma-ville.fr/colligis-crandelain-02-02205
660;02206;colonfay;02;https://www.bien-dans-ma-ville.fr/colonfay-02-02206
661;02207;commenchon;02;https://www.bien-dans-ma-ville.fr/commenchon-02-02207
662;02208;concevreux;02;https://www.bien-dans-ma-ville.fr/concevreux-02-02208
663;02209;conde-en-brie;02;https://www.bien-dans-ma-ville.fr/conde-en-brie-02-02209
664;02210;conde-sur-aisne;02;https://www.bien-dans-ma-ville.fr/conde-sur-aisne-02-02210
665;02211;conde-sur-suippe;02;https://www.bien-dans-ma-ville.fr/conde-sur-suippe-02-02211
666;02212;condren;02;https://www.bien-dans-ma-ville.fr/condren-02-02212
667;02213;connigis;02;https://www.bien-dans-ma-ville.fr/connigis-02-02213
668;02214;contescourt;02;https://www.bien-dans-ma-ville.fr/contescourt-02-02214
669;02215;corbeny;02;https://www.bien-dans-ma-ville.fr/corbeny-02-02215
670;02216;corcy;02;https://www.bien-dans-ma-ville.fr/corcy-02-02216
671;02217;coucy-le-chateau-auffrique;02;https://www.bien-dans-ma-ville.fr/coucy-le-chateau-auffrique-02-02217
672;02218;coucy-les-eppes;02;https://www.bien-dans-ma-ville.fr/coucy-les-eppes-02-02218
673;02219;coucy-la-ville;02;https://www.bien-dans-ma-ville.fr/coucy-la-ville-02-02219
674;02220;coulonges-cohan;02;https://www.bien-dans-ma-ville.fr/coulonges-cohan-02-02220
675;02220;coulonges-cohan;02;https://www.bien-dans-ma-ville.fr/coulonges-cohan-02-02220
676;02221;coupru;02;https://www.bien-dans-ma-ville.fr/coupru-02-02221
677;02222;courbes;02;https://www.bien-dans-ma-ville.fr/courbes-02-02222
678;02223;courboin;02;https://www.bien-dans-ma-ville.fr/courboin-02-02223
679;02224;courcelles-sur-vesle;02;https://www.bien-dans-ma-ville.fr/courcelles-sur-vesle-02-02224
680;02225;courchamps;02;https://www.bien-dans-ma-ville.fr/courchamps-02-02225
681;02226;courmelles;02;https://www.bien-dans-ma-ville.fr/courmelles-02-02226
682;02227;courmont;02;https://www.bien-dans-ma-ville.fr/courmont-02-02227
683;02228;courtemont-varennes;02;https://www.bien-dans-ma-ville.fr/courtemont-varennes-02-02228
684;02229;courtrizy-et-fussigny;02;https://www.bien-dans-ma-ville.fr/courtrizy-et-fussigny-02-02229
685;02230;couvrelles;02;https://www.bien-dans-ma-ville.fr/couvrelles-02-02230
686;02231;couvron-et-aumencourt;02;https://www.bien-dans-ma-ville.fr/couvron-et-aumencourt-02-02231
687;02232;coyolles;02;https://www.bien-dans-ma-ville.fr/coyolles-02-02232
688;02233;cramaille;02;https://www.bien-dans-ma-ville.fr/cramaille-02-02233
689;02234;craonne;02;https://www.bien-dans-ma-ville.fr/craonne-02-02234
690;02235;craonnelle;02;https://www.bien-dans-ma-ville.fr/craonnelle-02-02235
691;02236;crecy-au-mont;02;https://www.bien-dans-ma-ville.fr/crecy-au-mont-02-02236
692;02237;crecy-sur-serre;02;https://www.bien-dans-ma-ville.fr/crecy-sur-serre-02-02237
693;02238;crepy;02;https://www.bien-dans-ma-ville.fr/crepy-02-02238
694;02239;crezancy;02;https://www.bien-dans-ma-ville.fr/crezancy-02-02239
695;02240;croix-fonsomme;02;https://www.bien-dans-ma-ville.fr/croix-fonsomme-02-02240
696;02241;croix-sur-ourcq;02;https://www.bien-dans-ma-ville.fr/croix-sur-ourcq-02-02241
697;02242;crouttes-sur-marne;02;https://www.bien-dans-ma-ville.fr/crouttes-sur-marne-02-02242
698;02243;crouy;02;https://www.bien-dans-ma-ville.fr/crouy-02-02243
699;02244;crupilly;02;https://www.bien-dans-ma-ville.fr/crupilly-02-02244
700;02245;cuffies;02;https://www.bien-dans-ma-ville.fr/cuffies-02-02245
701;02246;cugny;02;https://www.bien-dans-ma-ville.fr/cugny-02-02246
702;02248;cuirieux;02;https://www.bien-dans-ma-ville.fr/cuirieux-02-02248
703;02249;cuiry-housse;02;https://www.bien-dans-ma-ville.fr/cuiry-housse-02-02249
704;02250;cuiry-les-chaudardes;02;https://www.bien-dans-ma-ville.fr/cuiry-les-chaudardes-02-02250
705;02251;cuiry-les-iviers;02;https://www.bien-dans-ma-ville.fr/cuiry-les-iviers-02-02251
706;02252;cuissy-et-geny;02;https://www.bien-dans-ma-ville.fr/cuissy-et-geny-02-02252
707;02253;cuisy-en-almont;02;https://www.bien-dans-ma-ville.fr/cuisy-en-almont-02-02253
708;02254;cutry;02;https://www.bien-dans-ma-ville.fr/cutry-02-02254
709;02255;cys-la-commune;02;https://www.bien-dans-ma-ville.fr/cys-la-commune-02-02255
710;02256;dagny-lambercy;02;https://www.bien-dans-ma-ville.fr/dagny-lambercy-02-02256
711;02257;dallon;02;https://www.bien-dans-ma-ville.fr/dallon-02-02257
712;02258;dammard;02;https://www.bien-dans-ma-ville.fr/dammard-02-02258
713;02259;dampleux;02;https://www.bien-dans-ma-ville.fr/dampleux-02-02259
714;02260;danizy;02;https://www.bien-dans-ma-ville.fr/danizy-02-02260
715;02261;dercy;02;https://www.bien-dans-ma-ville.fr/dercy-02-02261
716;02262;deuillet;02;https://www.bien-dans-ma-ville.fr/deuillet-02-02262
717;02263;dhuizel;02;https://www.bien-dans-ma-ville.fr/dhuizel-02-02263
718;02264;dizy-le-gros;02;https://www.bien-dans-ma-ville.fr/dizy-le-gros-02-02264
719;02265;dohis;02;https://www.bien-dans-ma-ville.fr/dohis-02-02265
720;02266;dolignon;02;https://www.bien-dans-ma-ville.fr/dolignon-02-02266
721;02267;dommiers;02;https://www.bien-dans-ma-ville.fr/dommiers-02-02267
722;02268;domptin;02;https://www.bien-dans-ma-ville.fr/domptin-02-02268
723;02269;dorengt;02;https://www.bien-dans-ma-ville.fr/dorengt-02-02269
724;02270;douchy;02;https://www.bien-dans-ma-ville.fr/douchy-02-02270
725;02271;dravegny;02;https://www.bien-dans-ma-ville.fr/dravegny-02-02271
726;02272;droizy;02;https://www.bien-dans-ma-ville.fr/droizy-02-02272
727;02273;dury;02;https://www.bien-dans-ma-ville.fr/dury-02-02273
728;02274;ebouleau;02;https://www.bien-dans-ma-ville.fr/ebouleau-02-02274
729;02275;effry;02;https://www.bien-dans-ma-ville.fr/effry-02-02275
730;02276;englancourt;02;https://www.bien-dans-ma-ville.fr/englancourt-02-02276
731;02277;epagny;02;https://www.bien-dans-ma-ville.fr/epagny-02-02277
732;02278;eparcy;02;https://www.bien-dans-ma-ville.fr/eparcy-02-02278
733;02279;epaux-bezu;02;https://www.bien-dans-ma-ville.fr/epaux-bezu-02-02279
734;02280;epieds;02;https://www.bien-dans-ma-ville.fr/epieds-02-02280
735;02281;epine-aux-bois;02;https://www.bien-dans-ma-ville.fr/epine-aux-bois-02-02281
736;02282;eppes;02;https://www.bien-dans-ma-ville.fr/eppes-02-02282
737;02283;erlon;02;https://www.bien-dans-ma-ville.fr/erlon-02-02283
738;02284;erloy;02;https://www.bien-dans-ma-ville.fr/erloy-02-02284
739;02286;esqueheries;02;https://www.bien-dans-ma-ville.fr/esqueheries-02-02286
740;02287;essigny-le-grand;02;https://www.bien-dans-ma-ville.fr/essigny-le-grand-02-02287
741;02288;essigny-le-petit;02;https://www.bien-dans-ma-ville.fr/essigny-le-petit-02-02288
742;02289;essises;02;https://www.bien-dans-ma-ville.fr/essises-02-02289
743;02290;essomes-sur-marne;02;https://www.bien-dans-ma-ville.fr/essomes-sur-marne-02-02290
744;02291;estrees;02;https://www.bien-dans-ma-ville.fr/estrees-02-02291
745;02292;etampes-sur-marne;02;https://www.bien-dans-ma-ville.fr/etampes-sur-marne-02-02292
746;02293;etaves-et-bocquiaux;02;https://www.bien-dans-ma-ville.fr/etaves-et-bocquiaux-02-02293
747;02294;etouvelles;02;https://www.bien-dans-ma-ville.fr/etouvelles-02-02294
748;02295;etreaupont;02;https://www.bien-dans-ma-ville.fr/etreaupont-02-02295
749;02296;etreillers;02;https://www.bien-dans-ma-ville.fr/etreillers-02-02296
750;02297;etrepilly;02;https://www.bien-dans-ma-ville.fr/etrepilly-02-02297
751;02298;etreux;02;https://www.bien-dans-ma-ville.fr/etreux-02-02298
752;02299;evergnicourt;02;https://www.bien-dans-ma-ville.fr/evergnicourt-02-02299
754;02302;faverolles;02;https://www.bien-dans-ma-ville.fr/faverolles-02-02302
755;02303;fayet;02;https://www.bien-dans-ma-ville.fr/fayet-02-02303
756;02304;fere;02;https://www.bien-dans-ma-ville.fr/fere-02-02304
757;02305;fere-en-tardenois;02;https://www.bien-dans-ma-ville.fr/fere-en-tardenois-02-02305
758;02306;ferte-chevresis;02;https://www.bien-dans-ma-ville.fr/ferte-chevresis-02-02306
759;02307;ferte-milon;02;https://www.bien-dans-ma-ville.fr/ferte-milon-02-02307
760;02307;ferte-milon;02;https://www.bien-dans-ma-ville.fr/ferte-milon-02-02307
761;02308;fesmy-le-sart;02;https://www.bien-dans-ma-ville.fr/fesmy-le-sart-02-02308
762;02308;fesmy-le-sart;02;https://www.bien-dans-ma-ville.fr/fesmy-le-sart-02-02308
763;02309;festieux;02;https://www.bien-dans-ma-ville.fr/festieux-02-02309
764;02310;fieulaine;02;https://www.bien-dans-ma-ville.fr/fieulaine-02-02310
765;02311;filain;02;https://www.bien-dans-ma-ville.fr/filain-02-02311
766;02312;flamengrie;02;https://www.bien-dans-ma-ville.fr/flamengrie-02-02312
767;02313;flavigny-le-grand-et-beaurain;02;https://www.bien-dans-ma-ville.fr/flavigny-le-grand-et-beaurain-02-02313
768;02315;flavy-le-martel;02;https://www.bien-dans-ma-ville.fr/flavy-le-martel-02-02315
769;02316;fleury;02;https://www.bien-dans-ma-ville.fr/fleury-02-02316
770;02317;fluquieres;02;https://www.bien-dans-ma-ville.fr/fluquieres-02-02317
771;02318;folembray;02;https://www.bien-dans-ma-ville.fr/folembray-02-02318
772;02319;fonsomme;02;https://www.bien-dans-ma-ville.fr/fonsomme-02-02319
773;02320;fontaine-les-clercs;02;https://www.bien-dans-ma-ville.fr/fontaine-les-clercs-02-02320
774;02321;fontaine-les-vervins;02;https://www.bien-dans-ma-ville.fr/fontaine-les-vervins-02-02321
775;02322;fontaine-notre-dame;02;https://www.bien-dans-ma-ville.fr/fontaine-notre-dame-02-02322
776;02323;fontaine-uterte;02;https://www.bien-dans-ma-ville.fr/fontaine-uterte-02-02323
777;02324;fontenelle;02;https://www.bien-dans-ma-ville.fr/fontenelle-02-02324
778;02326;fontenoy;02;https://www.bien-dans-ma-ville.fr/fontenoy-02-02326
779;02327;foreste;02;https://www.bien-dans-ma-ville.fr/foreste-02-02327
780;02328;fossoy;02;https://www.bien-dans-ma-ville.fr/fossoy-02-02328
781;02329;fourdrain;02;https://www.bien-dans-ma-ville.fr/fourdrain-02-02329
782;02330;francilly-selency;02;https://www.bien-dans-ma-ville.fr/francilly-selency-02-02330
783;02331;franqueville;02;https://www.bien-dans-ma-ville.fr/franqueville-02-02331
784;02332;fresnes-en-tardenois;02;https://www.bien-dans-ma-ville.fr/fresnes-en-tardenois-02-02332
785;02333;fresnes-sous-coucy;02;https://www.bien-dans-ma-ville.fr/fresnes-sous-coucy-02-02333
786;02334;fresnoy-le-grand;02;https://www.bien-dans-ma-ville.fr/fresnoy-le-grand-02-02334
787;02335;fressancourt;02;https://www.bien-dans-ma-ville.fr/fressancourt-02-02335
788;02336;frieres-faillouel;02;https://www.bien-dans-ma-ville.fr/frieres-faillouel-02-02336
789;02337;froidestrees;02;https://www.bien-dans-ma-ville.fr/froidestrees-02-02337
790;02338;froidmont-cohartille;02;https://www.bien-dans-ma-ville.fr/froidmont-cohartille-02-02338
791;02339;gandelu;02;https://www.bien-dans-ma-ville.fr/gandelu-02-02339
792;02340;gauchy;02;https://www.bien-dans-ma-ville.fr/gauchy-02-02340
793;02341;gercy;02;https://www.bien-dans-ma-ville.fr/gercy-02-02341
794;02342;gergny;02;https://www.bien-dans-ma-ville.fr/gergny-02-02342
795;02343;germaine;02;https://www.bien-dans-ma-ville.fr/germaine-02-02343
797;02345;gibercourt;02;https://www.bien-dans-ma-ville.fr/gibercourt-02-02345
798;02346;gizy;02;https://www.bien-dans-ma-ville.fr/gizy-02-02346
799;02347;gland;02;https://www.bien-dans-ma-ville.fr/gland-02-02347
800;02349;goudelancourt-les-berrieux;02;https://www.bien-dans-ma-ville.fr/goudelancourt-les-berrieux-02-02349
801;02350;goudelancourt-les-pierrepont;02;https://www.bien-dans-ma-ville.fr/goudelancourt-les-pierrepont-02-02350
802;02351;goussancourt;02;https://www.bien-dans-ma-ville.fr/goussancourt-02-02351
803;02352;gouy;02;https://www.bien-dans-ma-ville.fr/gouy-02-02352
804;02353;grandlup-et-fay;02;https://www.bien-dans-ma-ville.fr/grandlup-et-fay-02-02353
805;02354;grandrieux;02;https://www.bien-dans-ma-ville.fr/grandrieux-02-02354
806;02355;gricourt;02;https://www.bien-dans-ma-ville.fr/gricourt-02-02355
807;02356;grisolles;02;https://www.bien-dans-ma-ville.fr/grisolles-02-02356
808;02357;gronard;02;https://www.bien-dans-ma-ville.fr/gronard-02-02357
809;02358;grougis;02;https://www.bien-dans-ma-ville.fr/grougis-02-02358
810;02359;grugies;02;https://www.bien-dans-ma-ville.fr/grugies-02-02359
811;02360;guignicourt;02;https://www.bien-dans-ma-ville.fr/guignicourt-02-02360
812;02361;guise;02;https://www.bien-dans-ma-ville.fr/guise-02-02361
813;02362;guivry;02;https://www.bien-dans-ma-ville.fr/guivry-02-02362
814;02363;guny;02;https://www.bien-dans-ma-ville.fr/guny-02-02363
815;02364;guyencourt;02;https://www.bien-dans-ma-ville.fr/guyencourt-02-02364
816;02366;hannapes;02;https://www.bien-dans-ma-ville.fr/hannapes-02-02366
817;02367;happencourt;02;https://www.bien-dans-ma-ville.fr/happencourt-02-02367
818;02368;haramont;02;https://www.bien-dans-ma-ville.fr/haramont-02-02368
819;02369;harcigny;02;https://www.bien-dans-ma-ville.fr/harcigny-02-02369
820;02370;hargicourt;02;https://www.bien-dans-ma-ville.fr/hargicourt-02-02370
821;02371;harly;02;https://www.bien-dans-ma-ville.fr/harly-02-02371
822;02372;hartennes-et-taux;02;https://www.bien-dans-ma-ville.fr/hartennes-et-taux-02-02372
823;02373;hary;02;https://www.bien-dans-ma-ville.fr/hary-02-02373
824;02374;lehaucourt;02;https://www.bien-dans-ma-ville.fr/lehaucourt-02-02374
825;02375;hautevesnes;02;https://www.bien-dans-ma-ville.fr/hautevesnes-02-02375
826;02376;hauteville;02;https://www.bien-dans-ma-ville.fr/hauteville-02-02376
827;02377;haution;02;https://www.bien-dans-ma-ville.fr/haution-02-02377
828;02378;herie;02;https://www.bien-dans-ma-ville.fr/herie-02-02378
829;02379;herie-la-vieville;02;https://www.bien-dans-ma-ville.fr/herie-la-vieville-02-02379
830;02380;hinacourt;02;https://www.bien-dans-ma-ville.fr/hinacourt-02-02380
831;02381;hirson;02;https://www.bien-dans-ma-ville.fr/hirson-02-02381
832;02382;holnon;02;https://www.bien-dans-ma-ville.fr/holnon-02-02382
833;02383;homblieres;02;https://www.bien-dans-ma-ville.fr/homblieres-02-02383
834;02384;houry;02;https://www.bien-dans-ma-ville.fr/houry-02-02384
835;02385;housset;02;https://www.bien-dans-ma-ville.fr/housset-02-02385
836;02386;iron;02;https://www.bien-dans-ma-ville.fr/iron-02-02386
837;02387;itancourt;02;https://www.bien-dans-ma-ville.fr/itancourt-02-02387
838;02388;iviers;02;https://www.bien-dans-ma-ville.fr/iviers-02-02388
839;02389;jaulgonne;02;https://www.bien-dans-ma-ville.fr/jaulgonne-02-02389
840;02390;jeancourt;02;https://www.bien-dans-ma-ville.fr/jeancourt-02-02390
841;02391;jeantes;02;https://www.bien-dans-ma-ville.fr/jeantes-02-02391
842;02392;joncourt;02;https://www.bien-dans-ma-ville.fr/joncourt-02-02392
843;02393;jouaignes;02;https://www.bien-dans-ma-ville.fr/jouaignes-02-02393
844;02395;jumencourt;02;https://www.bien-dans-ma-ville.fr/jumencourt-02-02395
845;02396;jumigny;02;https://www.bien-dans-ma-ville.fr/jumigny-02-02396
846;02397;jussy;02;https://www.bien-dans-ma-ville.fr/jussy-02-02397
847;02398;juvigny;02;https://www.bien-dans-ma-ville.fr/juvigny-02-02398
848;02399;juvincourt-et-damary;02;https://www.bien-dans-ma-ville.fr/juvincourt-et-damary-02-02399
849;02400;laffaux;02;https://www.bien-dans-ma-ville.fr/laffaux-02-02400
850;02401;laigny;02;https://www.bien-dans-ma-ville.fr/laigny-02-02401
851;02402;lanchy;02;https://www.bien-dans-ma-ville.fr/lanchy-02-02402
852;02403;landifay-et-bertaignemont;02;https://www.bien-dans-ma-ville.fr/landifay-et-bertaignemont-02-02403
853;02404;landouzy-la-cour;02;https://www.bien-dans-ma-ville.fr/landouzy-la-cour-02-02404
854;02405;landouzy-la-ville;02;https://www.bien-dans-ma-ville.fr/landouzy-la-ville-02-02405
855;02406;landricourt;02;https://www.bien-dans-ma-ville.fr/landricourt-02-02406
856;02407;laniscourt;02;https://www.bien-dans-ma-ville.fr/laniscourt-02-02407
857;02408;laon;02;https://www.bien-dans-ma-ville.fr/laon-02-02408
858;02409;lappion;02;https://www.bien-dans-ma-ville.fr/lappion-02-02409
859;02410;largny-sur-automne;02;https://www.bien-dans-ma-ville.fr/largny-sur-automne-02-02410
860;02411;latilly;02;https://www.bien-dans-ma-ville.fr/latilly-02-02411
861;02412;launoy;02;https://www.bien-dans-ma-ville.fr/launoy-02-02412
862;02413;laval-en-laonnois;02;https://www.bien-dans-ma-ville.fr/laval-en-laonnois-02-02413
863;02414;lavaqueresse;02;https://www.bien-dans-ma-ville.fr/lavaqueresse-02-02414
864;02415;laversine;02;https://www.bien-dans-ma-ville.fr/laversine-02-02415
865;02416;leme;02;https://www.bien-dans-ma-ville.fr/leme-02-02416
866;02417;lempire;02;https://www.bien-dans-ma-ville.fr/lempire-02-02417
867;02418;lerzy;02;https://www.bien-dans-ma-ville.fr/lerzy-02-02418
868;02419;leschelle;02;https://www.bien-dans-ma-ville.fr/leschelle-02-02419
869;02420;lesdins;02;https://www.bien-dans-ma-ville.fr/lesdins-02-02420
870;02421;lesges;02;https://www.bien-dans-ma-ville.fr/lesges-02-02421
871;02422;lesquielles-saint-germain;02;https://www.bien-dans-ma-ville.fr/lesquielles-saint-germain-02-02422
872;02423;leuilly-sous-coucy;02;https://www.bien-dans-ma-ville.fr/leuilly-sous-coucy-02-02423
873;02424;leury;02;https://www.bien-dans-ma-ville.fr/leury-02-02424
874;02425;leuze;02;https://www.bien-dans-ma-ville.fr/leuze-02-02425
875;02426;levergies;02;https://www.bien-dans-ma-ville.fr/levergies-02-02426
876;02427;lhuys;02;https://www.bien-dans-ma-ville.fr/lhuys-02-02427
877;02428;licy-clignon;02;https://www.bien-dans-ma-ville.fr/licy-clignon-02-02428
878;02429;lierval;02;https://www.bien-dans-ma-ville.fr/lierval-02-02429
879;02430;liesse-notre-dame;02;https://www.bien-dans-ma-ville.fr/liesse-notre-dame-02-02430
880;02431;liez;02;https://www.bien-dans-ma-ville.fr/liez-02-02431
881;02432;lime;02;https://www.bien-dans-ma-ville.fr/lime-02-02432
882;02433;lislet;02;https://www.bien-dans-ma-ville.fr/lislet-02-02433
884;02435;logny-les-aubenton;02;https://www.bien-dans-ma-ville.fr/logny-les-aubenton-02-02435
885;02438;longpont;02;https://www.bien-dans-ma-ville.fr/longpont-02-02438
886;02439;septvallons;02;https://www.bien-dans-ma-ville.fr/septvallons-02-02439
887;02439;septvallons;02;https://www.bien-dans-ma-ville.fr/septvallons-02-02439
888;02439;septvallons;02;https://www.bien-dans-ma-ville.fr/septvallons-02-02439
889;02439;septvallons;02;https://www.bien-dans-ma-ville.fr/septvallons-02-02439
890;02439;septvallons;02;https://www.bien-dans-ma-ville.fr/septvallons-02-02439
891;02439;septvallons;02;https://www.bien-dans-ma-ville.fr/septvallons-02-02439
892;02439;septvallons;02;https://www.bien-dans-ma-ville.fr/septvallons-02-02439
893;02439;septvallons;02;https://www.bien-dans-ma-ville.fr/septvallons-02-02439
894;02440;lor;02;https://www.bien-dans-ma-ville.fr/lor-02-02440
895;02441;louatre;02;https://www.bien-dans-ma-ville.fr/louatre-02-02441
896;02442;loupeigne;02;https://www.bien-dans-ma-ville.fr/loupeigne-02-02442
897;02443;lucy-le-bocage;02;https://www.bien-dans-ma-ville.fr/lucy-le-bocage-02-02443
898;02444;lugny;02;https://www.bien-dans-ma-ville.fr/lugny-02-02444
899;02445;luzoir;02;https://www.bien-dans-ma-ville.fr/luzoir-02-02445
900;02446;ly-fontaine;02;https://www.bien-dans-ma-ville.fr/ly-fontaine-02-02446
901;02447;maast-et-violaine;02;https://www.bien-dans-ma-ville.fr/maast-et-violaine-02-02447
902;02448;machecourt;02;https://www.bien-dans-ma-ville.fr/machecourt-02-02448
903;02449;macogny;02;https://www.bien-dans-ma-ville.fr/macogny-02-02449
904;02450;macquigny;02;https://www.bien-dans-ma-ville.fr/macquigny-02-02450
905;02451;magny-la-fosse;02;https://www.bien-dans-ma-ville.fr/magny-la-fosse-02-02451
906;02452;maissemy;02;https://www.bien-dans-ma-ville.fr/maissemy-02-02452
907;02453;maizy;02;https://www.bien-dans-ma-ville.fr/maizy-02-02453
908;02454;malmaison;02;https://www.bien-dans-ma-ville.fr/malmaison-02-02454
909;02455;malzy;02;https://www.bien-dans-ma-ville.fr/malzy-02-02455
910;02456;manicamp;02;https://www.bien-dans-ma-ville.fr/manicamp-02-02456
911;02457;marchais;02;https://www.bien-dans-ma-ville.fr/marchais-02-02457
912;02458;dhuys-et-morin-en-brie;02;https://www.bien-dans-ma-ville.fr/dhuys-et-morin-en-brie-02-02458
913;02458;dhuys-et-morin-en-brie;02;https://www.bien-dans-ma-ville.fr/dhuys-et-morin-en-brie-02-02458
914;02458;dhuys-et-morin-en-brie;02;https://www.bien-dans-ma-ville.fr/dhuys-et-morin-en-brie-02-02458
915;02458;dhuys-et-morin-en-brie;02;https://www.bien-dans-ma-ville.fr/dhuys-et-morin-en-brie-02-02458
916;02459;marcy;02;https://www.bien-dans-ma-ville.fr/marcy-02-02459
917;02460;marcy-sous-marle;02;https://www.bien-dans-ma-ville.fr/marcy-sous-marle-02-02460
918;02461;marest-dampcourt;02;https://www.bien-dans-ma-ville.fr/marest-dampcourt-02-02461
919;02462;mareuil-en-dole;02;https://www.bien-dans-ma-ville.fr/mareuil-en-dole-02-02462
920;02463;marfontaine;02;https://www.bien-dans-ma-ville.fr/marfontaine-02-02463
921;02464;margival;02;https://www.bien-dans-ma-ville.fr/margival-02-02464
922;02465;marigny-en-orxois;02;https://www.bien-dans-ma-ville.fr/marigny-en-orxois-02-02465
923;02466;marizy-sainte-genevieve;02;https://www.bien-dans-ma-ville.fr/marizy-sainte-genevieve-02-02466
924;02467;marizy-saint-mard;02;https://www.bien-dans-ma-ville.fr/marizy-saint-mard-02-02467
925;02468;marle;02;https://www.bien-dans-ma-ville.fr/marle-02-02468
926;02469;marly-gomont;02;https://www.bien-dans-ma-ville.fr/marly-gomont-02-02469
927;02470;martigny;02;https://www.bien-dans-ma-ville.fr/martigny-02-02470
928;02471;martigny-courpierre;02;https://www.bien-dans-ma-ville.fr/martigny-courpierre-02-02471
929;02472;mauregny-en-haye;02;https://www.bien-dans-ma-ville.fr/mauregny-en-haye-02-02472
930;02473;mayot;02;https://www.bien-dans-ma-ville.fr/mayot-02-02473
931;02474;mennessis;02;https://www.bien-dans-ma-ville.fr/mennessis-02-02474
933;02476;mennevret;02;https://www.bien-dans-ma-ville.fr/mennevret-02-02476
934;02477;mercin-et-vaux;02;https://www.bien-dans-ma-ville.fr/mercin-et-vaux-02-02477
935;02478;merlieux-et-fouquerolles;02;https://www.bien-dans-ma-ville.fr/merlieux-et-fouquerolles-02-02478
936;02480;mesbrecourt-richecourt;02;https://www.bien-dans-ma-ville.fr/mesbrecourt-richecourt-02-02480
937;02481;mesnil-saint-laurent;02;https://www.bien-dans-ma-ville.fr/mesnil-saint-laurent-02-02481
938;02482;meurival;02;https://www.bien-dans-ma-ville.fr/meurival-02-02482
939;02483;mezieres-sur-oise;02;https://www.bien-dans-ma-ville.fr/mezieres-sur-oise-02-02483
940;02484;mezy-moulins;02;https://www.bien-dans-ma-ville.fr/mezy-moulins-02-02484
941;02485;missy-aux-bois;02;https://www.bien-dans-ma-ville.fr/missy-aux-bois-02-02485
942;02486;missy-les-pierrepont;02;https://www.bien-dans-ma-ville.fr/missy-les-pierrepont-02-02486
943;02487;missy-sur-aisne;02;https://www.bien-dans-ma-ville.fr/missy-sur-aisne-02-02487
944;02488;molain;02;https://www.bien-dans-ma-ville.fr/molain-02-02488
945;02489;molinchart;02;https://www.bien-dans-ma-ville.fr/molinchart-02-02489
946;02490;monampteuil;02;https://www.bien-dans-ma-ville.fr/monampteuil-02-02490
947;02491;monceau-le-neuf-et-faucouzy;02;https://www.bien-dans-ma-ville.fr/monceau-le-neuf-et-faucouzy-02-02491
948;02492;monceau-les-leups;02;https://www.bien-dans-ma-ville.fr/monceau-les-leups-02-02492
949;02493;monceau-le-waast;02;https://www.bien-dans-ma-ville.fr/monceau-le-waast-02-02493
950;02494;monceau-sur-oise;02;https://www.bien-dans-ma-ville.fr/monceau-sur-oise-02-02494
951;02495;mondrepuis;02;https://www.bien-dans-ma-ville.fr/mondrepuis-02-02495
952;02496;monnes;02;https://www.bien-dans-ma-ville.fr/monnes-02-02496
953;02497;mons-en-laonnois;02;https://www.bien-dans-ma-ville.fr/mons-en-laonnois-02-02497
954;02498;montaigu;02;https://www.bien-dans-ma-ville.fr/montaigu-02-02498
955;02499;montbavin;02;https://www.bien-dans-ma-ville.fr/montbavin-02-02499
956;02500;montbrehain;02;https://www.bien-dans-ma-ville.fr/montbrehain-02-02500
957;02501;montchalons;02;https://www.bien-dans-ma-ville.fr/montchalons-02-02501
958;02502;montcornet;02;https://www.bien-dans-ma-ville.fr/montcornet-02-02502
960;02504;montescourt-lizerolles;02;https://www.bien-dans-ma-ville.fr/montescourt-lizerolles-02-02504
961;02505;montfaucon;02;https://www.bien-dans-ma-ville.fr/montfaucon-02-02505
962;02506;montgobert;02;https://www.bien-dans-ma-ville.fr/montgobert-02-02506
963;02507;montgru-saint-hilaire;02;https://www.bien-dans-ma-ville.fr/montgru-saint-hilaire-02-02507
964;02508;monthenault;02;https://www.bien-dans-ma-ville.fr/monthenault-02-02508
965;02509;monthiers;02;https://www.bien-dans-ma-ville.fr/monthiers-02-02509
966;02510;monthurel;02;https://www.bien-dans-ma-ville.fr/monthurel-02-02510
967;02511;montigny-en-arrouaise;02;https://www.bien-dans-ma-ville.fr/montigny-en-arrouaise-02-02511
969;02513;montigny-le-franc;02;https://www.bien-dans-ma-ville.fr/montigny-le-franc-02-02513
970;02514;montigny-lengrain;02;https://www.bien-dans-ma-ville.fr/montigny-lengrain-02-02514
971;02515;montigny-les-conde;02;https://www.bien-dans-ma-ville.fr/montigny-les-conde-02-02515
972;02516;montigny-sous-marle;02;https://www.bien-dans-ma-ville.fr/montigny-sous-marle-02-02516
973;02517;montigny-sur-crecy;02;https://www.bien-dans-ma-ville.fr/montigny-sur-crecy-02-02517
974;02518;montlevon;02;https://www.bien-dans-ma-ville.fr/montlevon-02-02518
975;02519;montloue;02;https://www.bien-dans-ma-ville.fr/montloue-02-02519
976;02520;mont-notre-dame;02;https://www.bien-dans-ma-ville.fr/mont-notre-dame-02-02520
977;02521;montreuil-aux-lions;02;https://www.bien-dans-ma-ville.fr/montreuil-aux-lions-02-02521
978;02522;mont-saint-jean;02;https://www.bien-dans-ma-ville.fr/mont-saint-jean-02-02522
979;02523;mont-saint-martin;02;https://www.bien-dans-ma-ville.fr/mont-saint-martin-02-02523
980;02524;mont-saint-pere;02;https://www.bien-dans-ma-ville.fr/mont-saint-pere-02-02524
981;02525;morcourt;02;https://www.bien-dans-ma-ville.fr/morcourt-02-02525
982;02526;morgny-en-thierache;02;https://www.bien-dans-ma-ville.fr/morgny-en-thierache-02-02526
983;02527;morsain;02;https://www.bien-dans-ma-ville.fr/morsain-02-02527
984;02528;mortefontaine;02;https://www.bien-dans-ma-ville.fr/mortefontaine-02-02528
985;02529;mortiers;02;https://www.bien-dans-ma-ville.fr/mortiers-02-02529
986;02530;moulins;02;https://www.bien-dans-ma-ville.fr/moulins-02-02530
987;02531;moussy-verneuil;02;https://www.bien-dans-ma-ville.fr/moussy-verneuil-02-02531
989;02533;muret-et-crouttes;02;https://www.bien-dans-ma-ville.fr/muret-et-crouttes-02-02533
990;02534;muscourt;02;https://www.bien-dans-ma-ville.fr/muscourt-02-02534
991;02535;nampcelles-la-cour;02;https://www.bien-dans-ma-ville.fr/nampcelles-la-cour-02-02535
992;02536;nampteuil-sous-muret;02;https://www.bien-dans-ma-ville.fr/nampteuil-sous-muret-02-02536
993;02537;nanteuil-la-fosse;02;https://www.bien-dans-ma-ville.fr/nanteuil-la-fosse-02-02537
994;02538;nanteuil-notre-dame;02;https://www.bien-dans-ma-ville.fr/nanteuil-notre-dame-02-02538
995;02539;nauroy;02;https://www.bien-dans-ma-ville.fr/nauroy-02-02539
996;02540;nesles-la-montagne;02;https://www.bien-dans-ma-ville.fr/nesles-la-montagne-02-02540
997;02541;neufchatel-sur-aisne;02;https://www.bien-dans-ma-ville.fr/neufchatel-sur-aisne-02-02541
998;02542;neuflieux;02;https://www.bien-dans-ma-ville.fr/neuflieux-02-02542
999;02543;neuilly-saint-front;02;https://www.bien-dans-ma-ville.fr/neuilly-saint-front-02-02543
